player_id,full_name,age,height,years_exp,team,position,1,2,3,4,5,6,7,8,9,10,11,12,13,14,15,16,17,opponent_week_1,opponent_week_2,opponent_week_3,opponent_week_4,opponent_week_5,opponent_week_6,opponent_week_7,opponent_week_8,opponent_week_9,opponent_week_10,opponent_week_11,opponent_week_12,opponent_week_13,opponent_week_14,opponent_week_15,opponent_week_16,opponent_week_17,opponent_week_18
10212,Josh Whyle,25.0,79,1.0,TEN,TE,0.0,0.0,0.0,1.0,0.0,0.7,4.9,4.3,1.7,0.0,1.1,0.0,-0.7340909090909142,-1.813111888111897,-3.0615134865134968,-4.479295704295719,-6.0664585414585614,@CHI,NYJ,GB,@MIA,BYE,IND,@BUF,@DET,NE,@LAC,MIN,@HOU,@WSH,JAX,CIN,@IND,@JAX,HOU
10213,Tre Tucker,23.0,69,1.0,LV,WR,3.2,2.3,19.1,12.9,3.6,0.0,6.2,4.3,1.5,0.0,5.0,11.7,6.850000000000032,7.778671328671369,8.872277722277772,10.130819180819243,11.554295704295779,@LAC,@BAL,CAR,CLE,@DEN,PIT,@LAR,KC,@CIN,BYE,@MIA,DEN,@KC,@TB,ATL,JAX,@NO,LAC
10214,Davis Allen,23.0,78,1.0,LAR,TE,0.0,0.0,0.0,0.0,0.0,0.0,0.0,0.0,1.0,5.9,0.0,0.0,1.5431818181818178,1.6662587412587408,1.7837912087912084,1.8957792207792206,2.0022227772227774,@DET,@ARI,SF,@CHI,GB,BYE,LV,MIN,@SEA,MIA,@NE,PHI,@NO,BUF,@SF,@NYJ,ARI,SEA
10216,Kenny McIntosh,24.0,72,1.0,SEA,RB,0.0,0.0,1.1,0.0,0.0,0.0,0.5,0.0,0.0,0.0,0.0,0.0,-0.15454545454545407,-0.23706293706293638,-0.3277722277722268,-0.42667332667332547,-0.5337662337662323,DEN,@NE,MIA,@DET,NYG,SF,@ATL,BUF,LAR,BYE,@SF,ARI,@NYJ,@ARI,GB,MIN,@CHI,@LAR
10218,Xavier Hutchinson,24.0,75,1.0,HOU,WR,0.0,0.0,0.0,0.0,0.0,0.0,1.6,0.0,0.0,1.6,0.0,0.0,0.14545454545454456,-1.4988010832439613e-15,-0.17262737262737438,-0.3724275724275749,-0.5994005994006026,@IND,CHI,@MIN,JAX,BUF,@NE,@GB,IND,@NYJ,DET,@DAL,TEN,@JAX,BYE,MIA,@KC,BAL,@TEN
10219,Chris Rodriguez,25.0,71,1.0,WAS,RB,0.0,0.0,0.0,0.0,0.0,0.0,0.0,0.0,5.2,0.4,0.0,0.0,0.45454545454545314,0.24755244755244588,-0.0033966033966064124,-0.2983016983017027,-0.6371628371628432,,,,,,,,,,,,,,,,,,
10220,Will Mallory,25.0,76,1.0,IND,TE,0.0,0.0,0.0,0.0,0.0,0.0,0.0,0.0,0.0,0.0,0.0,0.0,0.0,0.0,0.0,0.0,0.0,HOU,@GB,CHI,PIT,@JAX,@TEN,MIA,@HOU,@MIN,BUF,@NYJ,DET,@NE,BYE,@DEN,TEN,@NYG,JAX
10222,Jayden Reed,24.0,71,1.0,GB,WR,31.1,5.6,8.9,23.6,11.7,11.8,2.0,6.5,13.8,0.0,8.8,4.1,6.443181818181838,7.329195804195827,8.544030969030988,10.087687312687326,11.960164835164843,@PHI,IND,@TEN,MIN,@LAR,ARI,HOU,@JAX,DET,BYE,@CHI,SF,MIA,@DET,@SEA,NO,@MIN,CHI
10223,Eric Gray,25.0,70,1.0,NYG,RB,2.0,0.0,-2.0,0.1,4.9,1.3,1.4,0.8,0.0,0.0,0.0,1.6,0.27499999999999714,0.03513986013985526,-0.23743756243756914,-0.5427322677322766,-0.8807442557442675,MIN,@WSH,@CLE,DAL,@SEA,CIN,PHI,@PIT,WSH,@CAR,BYE,TB,@DAL,NO,BAL,@ATL,IND,@PHI
10225,Jonathan Mingo,23.0,74,1.0,DAL,WR,3.3,0.6,3.5,3.9,4.7,0.6,0.0,0.0,0.0,0.0,0.0,1.3,-0.10227272727272396,-0.23583916083915835,-0.34547952047951647,-0.431193806193801,-0.4929820179820119,@CLE,NO,BAL,@NYG,@PIT,DET,BYE,@SF,@ATL,PHI,HOU,@WSH,NYG,CIN,@CAR,TB,@PHI,WSH
10226,Andrei Iosivas,25.0,75,1.0,CIN,WR,4.1,13.7,13.7,3.4,4.4,4.6,0.0,0.0,7.5,3.9,6.1,0.0,3.040909090909116,3.337412587412622,3.7658841158841607,4.326323676323733,5.018731268731338,NE,@KC,WSH,@CAR,BAL,@NYG,@CLE,PHI,LV,@BAL,@LAC,BYE,PIT,@DAL,@TEN,CLE,DEN,@PIT
10229,Rashee Rice,24.0,73,1.0,KC,WR,13.8,16.0,23.1,0.0,0.0,0.0,0.0,0.0,0.0,0.0,0.0,0.0,2.965909090909129,5.499475524475574,8.623501498501566,12.337987012987089,16.64293206793215,BAL,CIN,@ATL,@LAC,NO,BYE,@SF,@LV,TB,DEN,@BUF,@CAR,LV,LAC,@CLE,HOU,@PIT,@DEN
10231,Elijah Higgins,24.0,75,1.0,ARI,TE,2.2,8.3,1.6,2.2,6.7,0.0,0.6,2.3,4.4,2.3,0.0,1.0,0.6590909090909194,0.3395104895105039,0.01653346653348553,-0.309840159840137,-0.6396103896103611,@WAS,NYG,DAL,SF,CIN,@LAR,@SEA,BAL,@CLE,ATL,@HOU,LAR,@PIT,SF,@CHI,@PHI,SEA,@ATL
10232,Michael Wilson,24.0,74,1.0,ARI,WR,7.0,4.1,10.4,3.3,10.3,9.1,2.0,11.6,0.0,3.9,0.0,6.4,1.4931818181818235,0.32325174825175473,-0.9595154845154772,-2.355119880119874,-3.863561438561433,@WAS,NYG,DAL,SF,CIN,@LAR,@SEA,BAL,@CLE,ATL,@HOU,LAR,@PIT,SF,@CHI,@PHI,SEA,@ATL
10235,Roschon Johnson,23.0,72,1.0,CHI,RB,0.0,0.0,8.2,8.6,14.5,4.3,0.0,6.6,3.1,0.6,10.6,7.7,4.972727272727282,4.299300699300714,3.494005994006011,2.5568431568431786,1.487812187812215,TEN,@HOU,@IND,LAR,CAR,JAX,BYE,@WSH,@ARI,NE,GB,MIN,@DET,@SF,@MIN,DET,SEA,@GB
10236,Dalton Kincaid,25.0,76,1.0,BUF,TE,1.6,5.3,11.6,7.2,4.4,8.1,6.7,11.1,5.2,3.4,0.0,0.0,-4.3500000000000005,-8.045104895104897,-12.21113886113886,-16.848101898101902,-21.955994005994008,@NYJ,LV,@WAS,MIA,JAX,NYG,@NE,TB,@CIN,DEN,NYJ,BYE,@PHI,@KC,DAL,@LAC,NE,@MIA
10444,Cedric Tillman,24.0,75,1.0,CLE,WR,0.8,0.7,0.9,0.0,0.0,-0.5,14.1,25.4,16.5,0.0,6.2,1.8,1.7477272727272464,-1.57115384615388,-5.477797202797252,-9.972202797202863,-15.054370629370714,DAL,@JAX,NYG,@LV,@WSH,@PHI,CIN,BAL,LAC,BYE,@NO,PIT,@DEN,@PIT,KC,@CIN,MIA,@BAL
10859,Sam LaPorta,23.0,75,1.0,DET,TE,6.5,2.3,4.6,7.3,0.0,11.7,3.0,13.8,3.8,14.1,0.0,3.4,2.8295454545454444,1.2358391608391475,-0.5989760239760444,-2.6749000999001256,-4.991933066933098,LAR,TB,@ARI,SEA,BYE,@DAL,@MIN,TEN,@GB,@HOU,JAX,@IND,CHI,GB,BUF,@CHI,@SF,MIN
10862,Dorian Thompson-Robinson,25.0,74,1.0,CLE,QB,0.0,0.0,0.0,0.0,0.0,0.0,5.68,0.0,0.0,0.0,0.0,0.0,-0.9036363636363662,-1.5788811188811227,-2.353426573426579,-3.227272727272734,-4.20041958041959,DAL,@JAX,NYG,@LV,@WSH,@PHI,CIN,BAL,LAC,BYE,@NO,PIT,@DEN,@PIT,KC,@CIN,MIA,@BAL
10863,A.T. Perry,25.0,77,1.0,DEN,WR,0.0,0.0,0.0,0.0,0.0,0.0,0.0,0.0,0.0,0.0,0.0,0.0,0.0,0.0,0.0,0.0,0.0,@SEA,PIT,@TB,@NYJ,LV,LAC,@NO,CAR,@BAL,@KC,ATL,@LV,CLE,BYE,IND,@LAC,@CIN,KC
10866,Aidan O'Connell,26.0,75,1.0,LV,QB,0.0,0.0,7.28,0.0,2.76,12.08,2.08,0.0,0.0,0.0,0.0,0.0,-3.862727272727289,-6.09209790209792,-8.605364635364653,-11.402527472527495,-14.483586413586442,@LAC,@BAL,CAR,CLE,@DEN,PIT,@LAR,KC,@CIN,BYE,@MIA,DEN,@KC,@TB,ATL,JAX,@NO,LAC
10871,Luke Schoonmaker,26.0,77,1.0,DAL,TE,0.0,7.3,1.0,0.0,1.3,0.0,0.0,0.0,0.0,0.0,8.6,13.0,14.018181818181827,18.282517482517495,23.0842157842158,28.42327672327675,34.29970029970034,@CLE,NO,BAL,@NYG,@PIT,DET,BYE,@SF,@ATL,PHI,HOU,@WSH,NYG,CIN,@CAR,TB,@PHI,WSH
11034,Jalen Brooks,24.0,74,1.0,DAL,WR,0.0,1.5,2.9,0.0,1.5,2.0,0.0,0.0,3.6,0.0,0.0,0.0,-0.5659090909090918,-1.113461538461539,-1.7280969030969031,-2.409815184815184,-3.158616383616382,@CLE,NO,BAL,@NYG,@PIT,DET,BYE,@SF,@ATL,PHI,HOU,@WSH,NYG,CIN,@CAR,TB,@PHI,WSH
11292,Tommy DeVito,26.0,74,1.0,NYG,QB,0.0,0.0,0.0,0.0,0.0,0.0,0.0,0.0,0.0,0.0,0.0,10.76,8.070000000000011,10.553076923076933,13.331758241758257,16.406043956043977,19.775934065934095,MIN,@WSH,@CLE,DAL,@SEA,CIN,PHI,@PIT,WSH,@CAR,BYE,TB,@DAL,NO,BAL,@ATL,IND,@PHI
11306,Xavier Gipson,23.0,69,1.0,NYJ,WR,0.0,0.0,0.0,1.1,0.0,0.0,0.0,0.0,0.0,0.0,2.2,0.0,0.8750000000000012,1.0519230769230787,1.2469780219780242,1.4601648351648377,1.6914835164835196,@SF,@TEN,NE,DEN,@MIN,BUF,@PIT,@NE,HOU,@ARI,IND,BYE,SEA,@MIA,@JAX,LAR,@BUF,MIA
11435,Emanuel Wilson,25.0,70,1.0,GB,RB,5.8,0.9,15.5,2.7,2.0,7.8,1.1,1.3,9.4,0.0,1.7,4.1,2.2840909090909154,1.9931818181818253,1.7083166833166912,1.4294955044955122,1.156718281718291,@PHI,IND,@TEN,MIN,@LAR,ARI,HOU,@JAX,DET,BYE,@CHI,SF,MIA,@DET,@SEA,NO,@MIN,CHI
11439,Jaleel McLaughlin,24.0,67,1.0,DEN,RB,3.3,0.6,7.9,5.1,10.0,3.5,3.5,12.1,3.5,1.2,1.9,4.4,0.1181818181818226,-1.8461538461538454,-4.078721278721275,-6.579520479520481,-9.348551448551456,@SEA,PIT,@TB,@NYJ,LV,LAC,@NO,CAR,@BAL,@KC,ATL,@LV,CLE,BYE,IND,@LAC,@CIN,KC
11557,Joe Milton,24.0,77,0.0,NE,QB,0.0,0.0,0.0,0.0,0.0,0.0,0.0,0.0,0.0,0.0,0.0,0.0,0.0,0.0,0.0,0.0,0.0,@CIN,SEA,@NYJ,@SF,MIA,HOU,@JAX,NYJ,@TEN,@CHI,LAR,@MIA,IND,BYE,@ARI,@BUF,LAC,BUF
11558,Sam Hartman,25.0,73,0.0,WAS,QB,0.0,0.0,0.0,0.0,0.0,0.0,0.0,0.0,0.0,0.0,0.0,0.0,0.0,0.0,0.0,0.0,0.0,,,,,,,,,,,,,,,,,,
11559,Michael Penix,24.0,74,0.0,ATL,QB,0.0,0.0,0.0,0.0,0.0,0.0,0.56,0.0,0.0,0.0,0.96,0.0,0.3690909090909093,0.4166433566433568,0.46639360639360655,0.5183416583416586,0.5724875124875128,CAR,GB,@DET,@JAX,HOU,WAS,@TB,MIN,@ARI,BYE,NO,@NYJ,TB,@CAR,IND,@CHI,@NO,ARI
11560,Caleb Williams,23.0,73,0.0,CHI,QB,7.22,9.36,19.32,11.48,23.56,29.64,0.0,9.94,9.18,6.3,16.24,26.9,17.866818181818218,18.871573426573473,19.96728771228777,21.153961038961114,22.431593406593496,TEN,@HOU,@IND,LAR,CAR,JAX,BYE,@WSH,@ARI,NE,GB,MIN,@DET,@SF,@MIN,DET,SEA,@GB
11562,Spencer Rattler,24.0,72,0.0,NO,QB,0.0,0.0,0.0,0.0,0.0,14.42,6.28,6.24,0.0,0.0,0.0,0.0,-4.374090909090934,-7.503041958041991,-11.084270729270765,-15.117777222777269,-19.603561438561496,CAR,@DAL,PHI,@ATL,@KC,TB,DEN,@LAC,@CAR,ATL,CLE,BYE,LAR,@NYG,WSH,@GB,LV,@TB
11563,Bo Nix,24.0,74,0.0,DEN,QB,13.02,10.34,19.34,6.7,23.14,21.74,14.06,29.76,18.22,16.1,28.78,19.42,21.697727272727285,21.24444055944057,20.5848101898102,19.718836163836173,18.64651848151849,@SEA,PIT,@TB,@NYJ,LV,LAC,@NO,CAR,@BAL,@KC,ATL,@LV,CLE,BYE,IND,@LAC,@CIN,KC
11564,Drake Maye,22.0,76,0.0,NE,QB,0.0,0.0,2.08,0.0,0.0,21.52,20.84,11.52,17.74,12.76,18.98,14.48,15.673636363636355,14.60692307692306,13.12436563436561,11.225964035964004,8.91171828171824,@CIN,SEA,@NYJ,@SF,MIA,HOU,@JAX,NYJ,@TEN,@CHI,LAR,@MIA,IND,BYE,@ARI,@BUF,LAC,BUF
11565,J.J. McCarthy,21.0,75,0.0,MIN,QB,0.0,0.0,0.0,0.0,0.0,0.0,0.0,0.0,0.0,0.0,0.0,0.0,0.0,0.0,0.0,0.0,0.0,@NYG,SF,HOU,@GB,NYJ,BYE,DET,@LAR,IND,@JAX,@TEN,@CHI,ARI,ATL,CHI,@SEA,GB,@DET
11566,Jayden Daniels,23.0,76,0.0,WAS,QB,28.16,13.44,28.06,25.02,20.72,20.96,5.24,22.24,19.86,8.58,14.44,32.4,25.878181818181865,29.44797202797208,33.58651348651354,38.29380619380626,43.569850149850225,,,,,,,,,,,,,,,,,,
11567,Jordan Travis,24.0,73,0.0,NYJ,QB,0.0,0.0,0.0,0.0,0.0,0.0,0.0,0.0,0.0,0.0,0.0,0.0,0.0,0.0,0.0,0.0,0.0,@SF,@TEN,NE,DEN,@MIN,BUF,@PIT,@NE,HOU,@ARI,IND,BYE,SEA,@MIA,@JAX,LAR,@BUF,MIA
11573,Frank Gore,22.0,68,0.0,BUF,RB,0.0,0.0,0.0,0.0,0.0,0.0,0.0,0.0,0.0,0.0,0.0,0.0,0.0,0.0,0.0,0.0,0.0,@NYJ,LV,@WAS,MIA,JAX,NYG,@NE,TB,@CIN,DEN,NYJ,BYE,@PHI,@KC,DAL,@LAC,NE,@MIA
11574,Dylan Laube,24.0,70,0.0,LV,RB,0.0,0.0,0.0,0.0,0.0,-2.0,0.0,0.0,0.0,0.0,0.0,0.0,0.40909090909090934,0.6608391608391616,0.9475524475524486,1.2692307692307705,1.6258741258741274,@LAC,@BAL,CAR,CLE,@DEN,PIT,@LAR,KC,@CIN,BYE,@MIA,DEN,@KC,@TB,ATL,JAX,@NO,LAC
11575,Ray Davis,25.0,68,0.0,BUF,RB,3.2,3.3,8.8,1.1,0.9,16.7,11.2,2.9,16.0,0.6,1.1,0.0,-3.563636363636392,-7.477622377622412,-11.932067932067968,-16.926973026973076,-22.462337662337728,@NYJ,LV,@WAS,MIA,JAX,NYG,@NE,TB,@CIN,DEN,NYJ,BYE,@PHI,@KC,DAL,@LAC,NE,@MIA
11576,Braelon Allen,20.0,73,0.0,NYJ,RB,2.2,18.6,8.3,5.1,3.3,0.8,1.1,9.2,0.9,3.9,0.6,0.0,0.12272727272729789,-0.3590909090908738,-0.7998501498501032,-1.1995504495503884,-1.558191808191733,@SF,@TEN,NE,DEN,@MIN,BUF,@PIT,@NE,HOU,@ARI,IND,BYE,SEA,@MIA,@JAX,LAR,@BUF,MIA
11577,Will Shipley,22.0,71,0.0,PHI,RB,0.0,0.0,0.0,0.0,0.0,0.0,0.0,0.0,0.0,0.0,0.0,0.0,0.0,0.0,0.0,0.0,0.0,GB,ATL,@NO,@TB,BYE,CLE,@NYG,@CIN,JAX,@DAL,WSH,@LAR,@BAL,CAR,PIT,@WSH,DAL,NYG
11579,Audric Estime,21.0,71,0.0,DEN,RB,1.4,0.0,0.0,0.0,0.0,1.3,0.9,0.4,3.5,5.3,4.0,1.5,4.5113636363636385,5.24283216783217,6.03259240759241,6.880644355644358,7.786988011988014,@SEA,PIT,@TB,@NYJ,LV,LAC,@NO,CAR,@BAL,@KC,ATL,@LV,CLE,BYE,IND,@LAC,@CIN,KC
11581,MarShawn Lloyd,23.0,69,0.0,GB,RB,0.0,2.3,0.0,0.0,0.0,0.0,0.0,0.0,0.0,0.0,0.0,0.0,0.15681818181818574,0.28548951048951554,0.4428821178821247,0.6289960039960127,0.8438311688311797,@PHI,IND,@TEN,MIN,@LAR,ARI,HOU,@JAX,DET,BYE,@CHI,SF,MIA,@DET,@SEA,NO,@MIN,CHI
11582,Carson Steele,22.0,72,0.0,KC,RB,0.0,0.0,7.9,-0.9,1.2,0.0,1.7,1.9,0.0,0.0,0.0,1.8,0.30909090909091286,0.11888111888112407,-0.08491508491507793,-0.3022977022976936,-0.5332667332667227,BAL,CIN,@ATL,@LAC,NO,BYE,@SF,@LV,TB,DEN,@BUF,@CAR,LV,LAC,@CLE,HOU,@PIT,@DEN
11583,Jonathon Brooks,21.0,72,0.0,CAR,RB,0.0,0.0,0.0,0.0,0.0,0.0,0.0,0.0,0.0,0.0,0.0,0.7,0.5250000000000005,0.6865384615384623,0.8673076923076933,1.0673076923076938,1.2865384615384634,@ATL,NO,@SEA,MIN,@DET,@MIA,HOU,IND,@CHI,DAL,@TEN,@TB,@NO,ATL,GB,@JAX,TB,@CHI
11584,Bucky Irving,22.0,70,0.0,TB,RB,8.6,2.2,9.9,12.0,4.6,17.5,15.2,11.9,4.9,16.2,0.0,24.2,14.5,15.04125874125874,15.56993006993007,16.086013986013985,16.589510489510484,WSH,@DET,DEN,PHI,@ATL,@NO,BAL,ATL,@KC,SF,BYE,@NYG,@CAR,LV,@LAC,@DAL,CAR,NO
11586,Blake Corum,24.0,68,0.0,LAR,RB,0.0,2.8,0.0,0.0,3.8,0.0,1.1,2.3,-0.1,2.0,3.3,0.5,1.5250000000000035,1.4844405594405643,1.4280469530469593,1.3558191808191886,1.2677572427572525,@DET,@ARI,SF,@CHI,GB,BYE,LV,MIN,@SEA,MIA,@NE,PHI,@NO,BUF,@SF,@NYJ,ARI,SEA
11589,Trey Benson,22.0,73,0.0,ARI,RB,2.3,2.2,0.8,5.0,0.0,2.6,0.0,1.0,12.0,9.7,0.0,1.8,3.868181818181818,3.7087412587412585,3.490359640359639,3.213036963036961,2.8767732267732242,@WAS,NYG,DAL,SF,CIN,@LAR,@SEA,BAL,@CLE,ATL,@HOU,LAR,@PIT,SF,@CHI,@PHI,SEA,@ATL
11592,Erick All,24.0,77,0.0,CIN,TE,0.0,5.2,4.2,4.8,2.0,2.0,0.0,4.2,3.4,0.0,0.0,0.0,-1.5681818181818152,-2.7346153846153793,-4.02842157842157,-5.449600399600388,-6.998151848151832,NE,@KC,WSH,@CAR,BAL,@NYG,@CLE,PHI,LV,@BAL,@LAC,BYE,PIT,@DAL,@TEN,CLE,DEN,@PIT
11595,Jared Wiley,24.0,78,0.0,KC,TE,0.0,1.2,0.0,0.0,0.0,0.0,0.0,0.0,0.0,0.0,0.0,0.0,0.08181818181818312,0.14895104895105116,0.231068931068934,0.328171828171832,0.4402597402597453,BAL,CIN,@ATL,@LAC,NO,BYE,@SF,@LV,TB,DEN,@BUF,@CAR,LV,LAC,@CLE,HOU,@PIT,@DEN
11596,Ben Sinnott,22.0,76,0.0,WAS,TE,0.0,0.0,0.0,0.0,0.0,0.0,7.6,0.0,1.7,0.0,0.0,0.0,-1.0931818181818262,-2.0680069930070033,-3.190134865134878,-4.45956543456545,-5.876298701298721,,,,,,,,,,,,,,,,,,
11597,Theo Johnson,23.0,78,0.0,NYG,TE,2.3,0.0,1.8,1.1,7.3,4.5,0.0,5.0,12.6,5.7,0.0,5.4,3.856818181818176,3.1274475524475456,2.240184815184805,1.1950299700299551,-0.008016983017003154,MIN,@WSH,@CLE,DAL,@SEA,CIN,PHI,@PIT,WSH,@CAR,BYE,TB,@DAL,NO,BAL,@ATL,IND,@PHI
11599,Cade Stover,24.0,76,0.0,HOU,TE,0.0,2.3,0.0,3.2,1.6,0.0,2.0,2.9,0.0,0.7,2.5,10.1,7.74772727272729,9.597377622377646,11.657467532467562,13.927997002997039,16.408966033966074,@IND,CHI,@MIN,JAX,BUF,@NE,@GB,IND,@NYJ,DET,@DAL,TEN,@JAX,BYE,MIA,@KC,BAL,@TEN
11600,Ja'Tavion Sanders,21.0,76,0.0,CAR,TE,0.9,1.8,0.0,2.6,2.8,7.4,9.1,1.2,10.7,7.8,0.0,6.4,3.7977272727272653,2.6473776223776118,1.2646103896103749,-0.3505744255744445,-2.198176823176847,@ATL,NO,@SEA,MIN,@DET,@MIA,HOU,IND,@CHI,DAL,@TEN,@TB,@NO,ATL,GB,@JAX,TB,@CHI
11603,AJ Barner,22.0,78,0.0,SEA,TE,0.0,0.0,0.0,0.0,1.8,1.8,1.0,4.4,4.7,0.0,2.5,3.4,2.8681818181818146,2.8059440559440514,2.6896603396603327,2.519330669330661,2.294955044955034,DEN,@NE,MIA,@DET,NYG,SF,@ATL,BUF,LAR,BYE,@SF,ARI,@NYJ,@ARI,GB,MIN,@CHI,@LAR
11604,Brock Bowers,21.0,76,0.0,LV,TE,8.8,14.3,5.6,4.1,19.7,11.6,14.3,8.3,13.0,0.0,24.8,5.8,9.970454545454544,9.313811188811188,8.54572927072927,7.66620879120879,6.6752497502497485,@LAC,@BAL,CAR,CLE,@DEN,PIT,@LAR,KC,@CIN,BYE,@MIA,DEN,@KC,@TB,ATL,JAX,@NO,LAC
11605,Jaheim Bell,23.0,74,0.0,NE,TE,0.0,0.0,0.0,0.0,0.0,0.0,0.0,0.0,0.0,0.0,0.0,0.0,0.0,0.0,0.0,0.0,0.0,@CIN,SEA,@NYJ,@SF,MIA,HOU,@JAX,NYJ,@TEN,@CHI,LAR,@MIA,IND,BYE,@ARI,@BUF,LAC,BUF
11610,Malik Washington,23.0,68,0.0,MIA,WR,0.0,0.0,0.0,1.3,0.0,0.0,1.9,0.0,0.9,10.0,3.3,0.8,4.227272727272728,4.720279720279723,5.229570429570432,5.755144855144858,6.297002997003,JAX,BUF,@SEA,TEN,@NE,BYE,@IND,ARI,@BUF,@LAR,LV,NE,@GB,NYJ,@HOU,SF,@CLE,@NYJ
11617,Malachi Corley,22.0,71,0.0,NYJ,WR,0.0,0.9,0.0,0.0,0.0,0.0,0.0,0.0,-0.2,0.7,1.5,0.0,0.9386363636363657,1.1952797202797232,1.4839410589410629,1.8046203796203844,2.157317682317688,@SF,@TEN,NE,DEN,@MIN,BUF,@PIT,@NE,HOU,@ARI,IND,BYE,SEA,@MIA,@JAX,LAR,@BUF,MIA
11618,Jalen McMillan,22.0,73,0.0,TB,WR,9.7,2.6,1.1,0.0,0.0,0.0,4.1,7.2,0.0,0.0,0.0,1.6,2.58409090909091,3.426048951048949,4.435489510489505,5.612412587412578,6.956818181818168,WSH,@DET,DEN,PHI,@ATL,@NO,BAL,ATL,@KC,SF,BYE,@NYG,@CAR,LV,@LAC,@DAL,CAR,NO
11619,Ja'Lynn Polk,22.0,73,0.0,NE,WR,1.1,8.2,2.3,4.5,1.8,0.9,0.0,0.0,0.0,6.7,0.0,1.2,1.984090909090925,2.3673076923077137,2.840584415584444,3.4039210789211145,4.057317682317726,@CIN,SEA,@NYJ,@SF,MIA,HOU,@JAX,NYJ,@TEN,@CHI,LAR,@MIA,IND,BYE,@ARI,@BUF,LAC,BUF
11620,Rome Odunze,22.0,75,0.0,CHI,WR,1.6,4.3,20.4,1.5,6.5,5.0,0.0,6.9,12.9,3.8,9.5,6.4,7.4045454545454605,7.535314685314695,7.666483516483529,7.798051948051966,7.930019980020003,TEN,@HOU,@IND,LAR,CAR,JAX,BYE,@WSH,@ARI,NE,GB,MIN,@DET,@SF,@MIN,DET,SEA,@GB
11621,Brenden Rice,22.0,75,0.0,LAC,WR,0.0,0.0,0.0,0.0,0.0,0.0,0.0,0.0,0.0,0.0,0.0,0.0,0.0,0.0,0.0,0.0,0.0,LV,@CAR,@PIT,KC,BYE,@DEN,@ARI,NO,@CLE,TEN,CIN,BAL,@ATL,@KC,TB,DEN,@NE,@LV
11623,Jordan Whittington,24.0,73,0.0,LAR,WR,0.0,3.2,4.3,9.2,12.4,0.0,0.0,0.0,0.0,0.0,0.0,0.0,-4.074999999999996,-6.081293706293698,-8.303221778221769,-10.7407842157842,-13.393981018980998,@DET,@ARI,SF,@CHI,GB,BYE,LV,MIN,@SEA,MIA,@NE,PHI,@NO,BUF,@SF,@NYJ,ARI,SEA
11624,Xavier Worthy,21.0,71,0.0,KC,WR,19.8,3.2,4.0,14.8,10.3,0.0,3.9,11.7,-1.0,1.6,14.8,7.1,11.736363636363656,14.544055944055966,17.81428571428573,21.54705294705297,25.742357642357668,BAL,CIN,@ATL,@LAC,NO,BYE,@SF,@LV,TB,DEN,@BUF,@CAR,LV,LAC,@CLE,HOU,@PIT,@DEN
11625,Adonai Mitchell,22.0,74,0.0,IND,WR,0.7,3.5,0.0,1.0,7.16,1.9,4.0,1.4,2.7,10.1,4.0,1.5,3.4127272727272766,2.9871328671328716,2.4621178821178873,1.837682317682324,1.1138261738261814,HOU,@GB,CHI,PIT,@JAX,@TEN,MIA,@HOU,@MIN,BUF,@NYJ,DET,@NE,BYE,@DEN,TEN,@NYG,JAX
11626,Xavier Legette,23.0,75,0.0,CAR,WR,5.5,0.0,5.2,16.6,1.3,9.8,1.9,11.4,11.9,5.5,0.0,7.6,2.915909090909082,1.143181818181804,-0.8948301698301873,-3.1981268731268973,-5.766708291708324,@ATL,NO,@SEA,MIN,@DET,@MIA,HOU,IND,@CHI,DAL,@TEN,@TB,@NO,ATL,GB,@JAX,TB,@CHI
11627,Troy Franklin,21.0,75,0.0,DEN,WR,0.0,0.0,2.1,0.8,2.5,10.6,7.5,1.4,2.4,1.4,8.5,4.1,3.406818181818176,2.5634615384615307,1.5405344655344548,0.33803696303694974,-1.0440309690309855,@SEA,PIT,@TB,@NYJ,LV,LAC,@NO,CAR,@BAL,@KC,ATL,@LV,CLE,BYE,IND,@LAC,@CIN,KC
11628,Marvin Harrison,22.0,76,0.0,ARI,WR,0.9,27.0,14.9,13.0,4.6,0.0,3.6,20.1,2.4,13.9,0.0,6.2,4.38636363636367,3.671678321678371,2.952097902097968,2.2276223776224633,1.498251748251855,@WAS,NYG,DAL,SF,CIN,@LAR,@SEA,BAL,@CLE,ATL,@HOU,LAR,@PIT,SF,@CHI,@PHI,SEA,@ATL
11629,Devontez Walker,23.0,73,0.0,BAL,WR,0.0,0.0,0.0,0.0,0.0,0.0,0.0,0.0,0.0,0.0,0.0,0.0,0.0,0.0,0.0,0.0,0.0,HOU,@CIN,IND,@CLE,@PIT,TEN,DET,@ARI,SEA,CLE,CIN,BYE,@LAC,LAR,@JAX,@SF,MIA,PIT
11630,Roman Wilson,23.0,70,0.0,PIT,WR,0.0,0.0,0.0,0.0,0.0,0.0,0.0,0.0,0.0,0.0,0.0,0.0,0.0,0.0,0.0,0.0,0.0,@ATL,@DEN,LAC,@IND,DAL,@LV,NYJ,NYG,BYE,@WSH,BAL,@CLE,@CIN,CLE,@PHI,@BAL,KC,CIN
11631,Brian Thomas,22.0,74,0.0,JAX,WR,12.7,10.4,7.3,18.9,20.7,4.2,19.6,13.5,5.2,2.2,11.1,0.0,-2.5499999999999954,-6.860489510489506,-11.66498501498501,-16.96348651348651,-22.755994005994005,@MIA,CLE,@BUF,@HOU,IND,@CHI,NE,GB,@PHI,MIN,@DET,BYE,HOU,@TEN,NYJ,@LV,TEN,@IND
11632,Malik Nabers,21.0,72,0.0,NYG,WR,9.1,23.7,24.2,17.1,0.0,0.0,6.1,10.6,10.4,7.8,0.0,9.4,7.53636363636368,8.701398601398662,10.19290709290717,12.01088911088921,14.155344655344777,MIN,@WSH,@CLE,DAL,@SEA,CIN,PHI,@PIT,WSH,@CAR,BYE,TB,@DAL,NO,BAL,@ATL,IND,@PHI
11635,Ladd McConkey,23.0,72,0.0,LAC,WR,12.4,3.6,5.9,15.2,0.0,6.3,7.1,26.1,8.9,6.2,15.3,11.3,14.261363636363633,15.29423076923076,16.40327172827171,17.588486513486494,18.849875124875098,LV,@CAR,@PIT,KC,BYE,@DEN,@ARI,NO,@CLE,TEN,CIN,BAL,@ATL,@KC,TB,DEN,@NE,@LV
11636,Johnny Wilson,23.0,78,0.0,PHI,WR,0.0,0.0,0.0,0.0,0.0,0.0,0.0,0.0,0.0,0.0,0.0,0.0,0.0,0.0,0.0,0.0,0.0,GB,ATL,@NO,@TB,BYE,CLE,@NYG,@CIN,JAX,@DAL,WSH,@LAR,@BAL,CAR,PIT,@WSH,DAL,NYG
11637,Keon Coleman,21.0,76,0.0,BUF,WR,7.1,0.0,8.9,6.6,11.4,4.1,14.5,15.5,4.6,0.0,0.0,0.0,-6.102272727272745,-10.821853146853172,-16.151873126873156,-22.092332667332713,-28.643231768231832,@NYJ,LV,@WAS,MIA,JAX,NYG,@NE,TB,@CIN,DEN,NYJ,BYE,@PHI,@KC,DAL,@LAC,NE,@MIA
11638,Ricky Pearsall,24.0,75,0.0,SF,WR,0.0,0.0,0.0,0.0,0.0,0.0,3.6,9.7,0.0,15.3,0.0,0.0,2.5909090909090895,1.7090909090909014,0.6314685314685211,-0.641958041958056,-2.1111888111888293,NYJ,@MIN,@LAR,NE,ARI,@SEA,KC,DAL,BYE,@TB,SEA,@GB,@BUF,CHI,LAR,@MIA,DET,@ARI
11640,Jermaine Burton,23.0,72,0.0,CIN,WR,0.0,5.2,0.0,0.0,0.0,0.0,0.0,4.6,0.0,1.6,1.3,0.0,1.0613636363636414,1.1333916083916153,1.2207542457542553,1.3234515484515608,1.4414835164835318,NE,@KC,WSH,@CAR,BAL,@NYG,@CLE,PHI,LV,@BAL,@LAC,BYE,PIT,@DAL,@TEN,CLE,DEN,@PIT
11643,Jaylen Wright,21.0,70,0.0,MIA,RB,0.0,0.4,1.7,3.2,8.6,0.0,3.3,1.8,1.8,0.3,1.1,0.8,-1.6818181818181868,-3.211188811188815,-4.949650349650356,-6.897202797202806,-9.053846153846166,JAX,BUF,@SEA,TEN,@NE,BYE,@IND,ARI,@BUF,@LAR,LV,NE,@GB,NYJ,@HOU,SF,@CLE,@NYJ
11645,Javon Baker,22.0,73,0.0,NE,WR,0.0,0.0,0.0,0.0,0.0,0.0,0.0,0.0,0.0,0.0,0.0,0.0,0.0,0.0,0.0,0.0,0.0,@CIN,SEA,@NYJ,@SF,MIA,HOU,@JAX,NYJ,@TEN,@CHI,LAR,@MIA,IND,BYE,@ARI,@BUF,LAC,BUF
11646,Jalen Coker,23.0,75,0.0,CAR,WR,0.0,0.0,0.0,0.0,8.8,4.5,1.5,15.8,4.6,5.6,0.0,0.0,-2.322727272727289,-5.524825174825199,-9.224425574425606,-13.421528471528514,-18.11613386613391,@ATL,NO,@SEA,MIN,@DET,@MIA,HOU,IND,@CHI,DAL,@TEN,@TB,@NO,ATL,GB,@JAX,TB,@CHI
11647,Kimani Vidal,23.0,68,0.0,LAC,RB,0.0,0.0,0.0,0.0,0.0,12.1,2.4,1.6,0.7,0.0,0.0,0.0,-2.918181818181832,-4.901398601398619,-7.16723276723279,-9.715684315684344,-12.546753246753282,LV,@CAR,@PIT,KC,BYE,@DEN,@ARI,NO,@CLE,TEN,CIN,BAL,@ATL,@KC,TB,DEN,@NE,@LV
11650,Luke McCaffrey,23.0,74,0.0,WAS,WR,3.3,0.0,5.9,2.2,3.4,1.0,0.0,1.3,0.0,2.8,0.0,1.3,0.7590909090909115,0.7276223776223798,0.7226273726273749,0.7441058941058962,0.7920579420579439,,,,,,,,,,,,,,,,,,
11651,Isaac Guerendo,24.0,72,0.0,SF,RB,0.0,0.0,1.9,-2.0,2.2,9.9,1.2,17.7,0.0,0.0,0.0,0.0,-3.6840909090909286,-6.814160839160871,-10.408616383616422,-14.46745754245759,-18.99068431568437,NYJ,@MIN,@LAR,NE,ARI,@SEA,KC,DAL,BYE,@TB,SEA,@GB,@BUF,CHI,LAR,@MIA,DET,@ARI
11655,Tyrone Tracy,25.0,71,0.0,NYG,RB,1.2,0.2,5.0,2.6,13.5,19.7,4.7,22.0,7.4,14.9,0.0,7.0,0.0,-4.9363636363636445,-10.660739260739279,-17.173126873126904,-24.47352647352652,MIN,@WSH,@CLE,DAL,@SEA,CIN,PHI,@PIT,WSH,@CAR,BYE,TB,@DAL,NO,BAL,@ATL,IND,@PHI
1166,Kirk Cousins,36.0,75,12.0,ATL,QB,8.2,17.54,12.1,8.52,35.36,12.5,9.18,28.64,17.78,11.24,5.92,0.0,-5.289545454545466,-12.908566433566442,-21.527117882117903,-31.14519980019982,-41.76281218781221,CAR,GB,@DET,@JAX,HOU,WAS,@TB,MIN,@ARI,BYE,NO,@NYJ,TB,@CAR,IND,@CHI,@NO,ARI
11748,Bub Means,23.0,74,0.0,NO,WR,0.0,0.0,0.0,0.0,0.0,0.0,5.2,4.1,0.0,0.0,0.0,0.0,-1.1068181818181824,-2.0977272727272753,-3.238936063936067,-4.5304445554445625,-5.9722527472527585,CAR,@DAL,PHI,@ATL,@KC,TB,DEN,@LAC,@CAR,ATL,CLE,BYE,LAR,@NYG,WSH,@GB,LV,@TB
11815,Cornelius Johnson,24.0,75,0.0,GB,WR,0.0,0.0,0.0,0.0,0.0,0.0,0.0,0.0,0.0,0.0,0.0,0.0,0.0,0.0,0.0,0.0,0.0,@PHI,IND,@TEN,MIN,@LAR,ARI,HOU,@JAX,DET,BYE,@CHI,SF,MIA,@DET,@SEA,NO,@MIN,CHI
11834,Devaughn Vele,26.0,77,0.0,DEN,WR,0.0,0.0,0.0,0.0,0.0,0.0,2.5,4.3,2.1,11.9,8.6,11.0,14.781818181818196,17.899300699300714,21.308491508491528,25.009390609390632,29.00199800199803,@SEA,PIT,@TB,@NYJ,LV,LAC,@NO,CAR,@BAL,@KC,ATL,@LV,CLE,BYE,IND,@LAC,@CIN,KC
11895,Mason Tipton,24.0,71,0.0,NO,WR,0.0,0.0,0.0,0.0,0.0,0.0,7.5,2.4,0.0,0.0,0.0,0.0,-1.3568181818181875,-2.4666083916083994,-3.7422827172827278,-5.183841158841172,-6.791283716283733,CAR,@DAL,PHI,@ATL,@KC,TB,DEN,@LAC,@CAR,ATL,CLE,BYE,LAR,@NYG,WSH,@GB,LV,@TB
1234,Russell Wilson,36.0,71,12.0,PIT,QB,0.0,0.0,0.0,0.0,0.0,0.0,24.86,13.82,0.0,19.1,7.3,13.8,13.711818181818174,14.086783216783207,14.30676323676322,14.371758241758222,14.281768231768208,@ATL,@DEN,LAC,@IND,DAL,@LV,NYJ,NYG,BYE,@WSH,BAL,@CLE,@CIN,CLE,@PHI,@BAL,KC,CIN
1339,Zach Ertz,34.0,77,11.0,WAS,TE,4.3,8.2,6.3,5.7,2.0,8.8,12.0,11.2,1.0,5.1,15.7,12.8,13.852272727272744,15.546678321678346,17.403271728271754,19.42205294705298,21.603021978022017,,,,,,,,,,,,,,,,,,
1352,Robert Woods,32.0,72,11.0,HOU,WR,0.0,0.0,2.8,1.5,0.0,0.0,0.0,0.0,0.0,0.0,0.0,0.0,-0.42954545454545245,-0.6036713286713258,-0.7891358641358599,-0.9859390609390557,-1.1940809190809127,@IND,CHI,@MIN,JAX,BUF,@NE,@GB,IND,@NYJ,DET,@DAL,TEN,@JAX,BYE,MIA,@KC,BAL,@TEN
1373,Geno Smith,34.0,75,11.0,SEA,QB,18.84,17.88,13.36,22.6,22.56,14.48,17.78,9.08,25.12,0.0,16.74,13.36,10.12090909090911,8.734055944055966,7.243286713286734,5.64860139860142,3.9500000000000206,DEN,@NE,MIA,@DET,NYG,SF,@ATL,BUF,LAR,BYE,@SF,ARI,@NYJ,@ARI,GB,MIN,@CHI,@LAR
1426,DeAndre Hopkins,32.0,73,11.0,KC,WR,1.3,1.4,16.3,4.1,0.0,7.4,0.3,3.9,24.6,7.6,4.4,12.0,11.506818181818184,12.278846153846159,13.065809190809198,13.867707292707303,14.684540459540472,BAL,CIN,@ATL,@LAC,NO,BYE,@SF,@LV,TB,DEN,@BUF,@CAR,LV,LAC,@CLE,HOU,@PIT,@DEN
1466,Travis Kelce,35.0,77,11.0,KC,TE,4.9,1.1,5.0,12.4,11.5,0.0,3.7,20.0,15.0,16.4,1.8,9.2,7.563636363636361,5.94195804195804,4.000899100899093,1.7404595404595264,-0.8393606393606609,BAL,CIN,@ATL,@LAC,NO,BYE,@SF,@LV,TB,DEN,@BUF,@CAR,LV,LAC,@CLE,HOU,@PIT,@DEN
1479,Keenan Allen,32.0,74,11.0,CHI,WR,4.9,0.0,0.0,3.4,4.8,18.6,0.0,4.9,5.6,6.9,6.1,19.1,14.906818181818188,17.166258741258744,19.62255244755245,22.275699300699305,25.125699300699306,TEN,@HOU,@IND,LAR,CAR,JAX,BYE,@WSH,@ARI,NE,GB,MIN,@DET,@SF,@MIN,DET,SEA,@GB
1689,Adam Thielen,34.0,74,11.0,CAR,WR,6.4,3.0,11.5,0.0,0.0,0.0,0.0,0.0,0.0,0.0,0.0,7.2,6.420454545454577,8.993181818181853,11.982742257742299,15.389135864135916,19.212362637362702,@ATL,NO,@SEA,MIN,@DET,@MIA,HOU,IND,@CHI,DAL,@TEN,@TB,@NO,ATL,GB,@JAX,TB,@CHI
19,Joe Flacco,39.0,78,16.0,IND,QB,0.0,0.0,0.0,0.0,26.56,14.66,0.0,0.0,4.06,13.88,0.0,0.0,-4.684545454545471,-9.283706293706325,-14.551438561438598,-20.487742257742298,-27.092617382617426,HOU,@GB,CHI,PIT,@JAX,@TEN,MIA,@HOU,@MIN,BUF,@NYJ,DET,@NE,BYE,@DEN,TEN,@NYG,JAX
2028,Derek Carr,33.0,75,10.0,NO,QB,21.3,22.82,8.98,9.06,13.6,0.0,0.0,0.0,13.44,20.46,18.72,0.0,17.011363636363672,21.391783216783267,26.502742257742327,32.34424075924083,38.91627872127881,CAR,@DAL,PHI,@ATL,@KC,TB,DEN,@LAC,@CAR,ATL,CLE,BYE,LAR,@NYG,WSH,@GB,LV,@TB
2078,Odell Beckham,32.0,71,10.0,MIA,WR,0.0,0.0,0.0,0.0,0.0,0.0,0.0,0.0,3.0,2.7,2.3,0.0,1.9772727272727277,2.2003496503496507,2.4280219780219783,2.6602897102897103,2.8971528471528467,JAX,BUF,@SEA,TEN,@NE,BYE,@IND,ARI,@BUF,@LAR,LV,NE,@GB,NYJ,@HOU,SF,@CLE,@NYJ
2133,Davante Adams,31.0,73,10.0,NYJ,WR,8.4,21.5,6.0,0.0,0.0,0.0,4.5,7.4,18.6,6.1,10.2,0.0,9.5977272727273,11.362062937062968,13.415259740259781,15.757317682317735,18.38823676323683,@SF,@TEN,NE,DEN,@MIN,BUF,@PIT,@NE,HOU,@ARI,IND,BYE,SEA,@MIA,@JAX,LAR,@BUF,MIA
2197,Brandin Cooks,31.0,70,10.0,DAL,WR,12.5,2.6,2.6,2.1,0.0,0.0,0.0,0.0,0.0,0.0,0.0,0.0,2.790909090909107,4.643356643356657,6.855144855144873,9.426273726273742,12.35674325674327,@CLE,NO,BAL,@NYG,@PIT,DET,BYE,@SF,@ATL,PHI,HOU,@WSH,NYG,CIN,@CAR,TB,@PHI,WSH
2216,Mike Evans,31.0,77,10.0,TB,WR,20.6,5.7,2.7,19.4,20.7,4.4,9.0,0.0,0.0,0.0,0.0,9.3,2.6772727272727455,2.82272727272729,3.163286713286727,3.698951048951063,4.429720279720293,WSH,@DET,DEN,PHI,@ATL,@NO,BAL,ATL,@KC,SF,BYE,@NYG,@CAR,LV,@LAC,@DAL,CAR,NO
2306,Jameis Winston,30.0,76,9.0,CLE,QB,0.0,0.0,0.0,0.0,0.0,0.0,0.0,23.56,13.1,0.0,26.6,14.46,22.827272727272728,26.634965034965035,30.71956043956044,35.08105894105894,39.71946053946054,DAL,@JAX,NYG,@LV,@WSH,@PHI,CIN,BAL,LAC,BYE,@NO,PIT,@DEN,@PIT,KC,@CIN,MIA,@BAL
2309,Amari Cooper,30.0,73,9.0,BUF,WR,2.6,2.6,24.1,5.5,8.0,6.2,14.6,0.8,0.0,0.0,6.5,0.0,-3.8704545454545265,-6.96486013986012,-10.399975024974998,-14.175799200799164,-18.292332667332623,@NYJ,LV,@WAS,MIA,JAX,NYG,@NE,TB,@CIN,DEN,NYJ,BYE,@PHI,@KC,DAL,@LAC,NE,@MIA
2359,Ameer Abdullah,31.0,69,9.0,LV,RB,0.0,0.0,0.0,0.0,0.0,0.0,0.0,0.0,0.0,0.0,0.0,15.0,11.250000000000018,14.711538461538488,18.58516483516487,22.87087912087916,27.56868131868136,@LAC,@BAL,CAR,CLE,@DEN,PIT,@LAR,KC,@CIN,BYE,@MIA,DEN,@KC,@TB,ATL,JAX,@NO,LAC
2374,Tyler Lockett,32.0,70,9.0,SEA,WR,10.7,2.5,7.1,8.6,9.5,14.5,6.5,1.4,13.8,0.0,2.9,3.0,-0.4704545454545537,-2.8250000000000135,-5.447427572427596,-8.337737262737292,-11.495929070929105,DEN,@NE,MIA,@DET,NYG,SF,@ATL,BUF,LAR,BYE,@SF,ARI,@NYJ,@ARI,GB,MIN,@CHI,@LAR
2449,Stefon Diggs,31.0,72,9.0,HOU,WR,18.9,5.7,14.92,16.0,11.2,16.7,4.8,10.2,0.0,0.0,0.0,0.0,-5.614999999999998,-8.785349650349655,-12.179565434565443,-15.797647352647367,-19.63959540459543,@IND,CHI,@MIN,JAX,BUF,@NE,@GB,IND,@NYJ,DET,@DAL,TEN,@JAX,BYE,MIA,@KC,BAL,@TEN
2749,Raheem Mostert,32.0,70,9.0,MIA,RB,2.9,0.0,0.0,0.0,10.8,0.0,3.0,15.5,7.8,4.4,-0.2,0.7,-0.9568181818182082,-3.5512237762238086,-6.5466783216783675,-9.943181818181872,-13.740734265734329,JAX,BUF,@SEA,TEN,@NE,BYE,@IND,ARI,@BUF,@LAR,LV,NE,@GB,NYJ,@HOU,SF,@CLE,@NYJ
3163,Jared Goff,30.0,76,8.0,DET,QB,12.38,10.78,15.56,26.68,0.0,25.1,18.8,15.5,9.6,12.8,34.58,10.76,17.77136363636365,17.646048951048968,17.43696803196805,17.144120879120898,16.767507492507516,LAR,TB,@ARI,SEA,BYE,@DAL,@MIN,TEN,@GB,@HOU,JAX,@IND,CHI,GB,BUF,@CHI,@SF,MIN
3164,Ezekiel Elliott,29.0,72,8.0,DAL,RB,11.9,4.2,1.7,2.9,1.7,1.7,0.0,10.3,0.0,0.2,3.9,0.6,3.6477272727272725,4.721853146853146,6.013311688311684,7.522102897102892,9.248226773226767,@CLE,NO,BAL,@NYG,@PIT,DET,BYE,@SF,@ATL,PHI,HOU,@WSH,NYG,CIN,@CAR,TB,@PHI,WSH
3198,Derrick Henry,30.0,74,8.0,BAL,RB,10.6,16.1,29.9,34.4,16.1,25.2,24.7,14.2,25.8,13.6,10.5,14.0,3.561363636363618,-2.604370629370653,-9.562862137862155,-17.31411088911091,-25.85811688311691,HOU,@CIN,IND,@CLE,@PIT,TEN,DET,@ARI,SEA,CLE,CIN,BYE,@LAC,LAR,@JAX,@SF,MIA,PIT
3200,Sterling Shepard,31.0,70,8.0,TB,WR,0.0,0.0,0.0,0.0,0.0,6.9,0.0,3.3,8.9,1.5,0.0,0.0,-0.6545454545454663,-2.154545454545467,-3.897802197802215,-5.884315684315706,-8.114085914085937,WSH,@DET,DEN,PHI,@ATL,@NO,BAL,ATL,@KC,SF,BYE,@NYG,@CAR,LV,@LAC,@DAL,CAR,NO
3202,Austin Hooper,30.0,76,8.0,NE,TE,0.0,0.0,0.0,0.0,0.0,0.0,0.0,0.0,0.0,0.0,5.5,13.9,13.050000000000011,16.91153846153848,21.223626373626395,25.986263736263766,31.19945054945059,@CIN,SEA,@NYJ,@SF,MIA,HOU,@JAX,NYJ,@TEN,@CHI,LAR,@MIA,IND,BYE,@ARI,@BUF,LAC,BUF
3214,Hunter Henry,29.0,77,8.0,NE,TE,2.8,14.9,1.9,2.2,4.2,11.6,13.2,7.0,9.1,1.9,9.3,6.9,6.136363636363649,5.4251748251748415,4.592807192807213,3.6392607392607648,2.564535464535495,@CIN,SEA,@NYJ,@SF,MIA,HOU,@JAX,NYJ,@TEN,@CHI,LAR,@MIA,IND,BYE,@ARI,@BUF,LAC,BUF
3225,Tyler Boyd,30.0,74,8.0,TEN,WR,3.3,3.6,4.8,4.1,0.0,3.4,6.8,2.9,0.3,0.0,4.4,0.0,0.23636363636363766,-0.46013986013985786,-1.2213786213786193,-2.0473526473526436,-2.938061938061934,@CHI,NYJ,GB,@MIA,BYE,IND,@BUF,@DET,NE,@LAC,MIN,@HOU,@WSH,JAX,CIN,@IND,@JAX,HOU
3257,Jacoby Brissett,31.0,76,8.0,NE,QB,8.04,10.56,3.92,8.02,7.4,0.0,0.0,8.38,0.0,0.0,0.0,0.0,-0.8981818181818078,-1.3594405594405465,-1.7626773226773054,-2.107892107892088,-2.3950849150848885,@CIN,SEA,@NYJ,@SF,MIA,HOU,@JAX,NYJ,@TEN,@CHI,LAR,@MIA,IND,BYE,@ARI,@BUF,LAC,BUF
3271,Tyler Higbee,31.0,78,8.0,LAR,TE,0.0,0.0,0.0,0.0,0.0,0.0,0.0,0.0,0.0,0.0,0.0,0.0,0.0,0.0,0.0,0.0,0.0,@DET,@ARI,SF,@CHI,GB,BYE,LV,MIN,@SEA,MIA,@NE,PHI,@NO,BUF,@SF,@NYJ,ARI,SEA
3286,Demarcus Robinson,30.0,73,8.0,LAR,WR,6.2,6.0,3.7,4.7,10.3,0.0,1.4,16.5,24.4,2.8,2.9,8.5,7.627272727272725,7.019580419580414,6.270329670329663,5.379520479520469,4.347152847152832,@DET,@ARI,SF,@CHI,GB,BYE,LV,MIN,@SEA,MIA,@NE,PHI,@NO,BUF,@SF,@NYJ,ARI,SEA
3294,Dak Prescott,31.0,74,8.0,DAL,QB,11.46,14.92,29.86,16.74,18.38,5.22,0.0,15.62,12.32,0.0,0.0,0.0,-5.869090909090879,-9.835944055944022,-14.117262737262692,-18.713046953046895,-23.623296703296635,@CLE,NO,BAL,@NYG,@PIT,DET,BYE,@SF,@ATL,PHI,HOU,@WSH,NYG,CIN,@CAR,TB,@PHI,WSH
3321,Tyreek Hill,30.0,70,8.0,MIA,WR,22.5,5.1,5.5,6.2,9.9,0.0,1.8,10.2,10.0,10.2,15.6,7.3,17.756818181818197,22.067307692307715,27.002622377622398,32.56276223776226,38.74772727272729,JAX,BUF,@SEA,TEN,@NE,BYE,@IND,ARI,@BUF,@LAR,LV,NE,@GB,NYJ,@HOU,SF,@CLE,@NYJ
3357,Brandon Allen,32.0,74,8.0,SF,QB,0.0,0.0,0.0,0.0,0.0,0.0,0.0,0.0,0.0,0.0,0.0,9.46,7.095000000000016,9.278076923076945,11.721043956043982,14.423901098901128,17.38664835164839,NYJ,@MIN,@LAR,NE,ARI,@SEA,KC,DAL,BYE,@TB,SEA,@GB,@BUF,CHI,LAR,@MIA,DET,@ARI
4017,Deshaun Watson,29.0,75,7.0,CLE,QB,12.66,15.44,16.44,13.24,8.4,8.42,5.12,0.0,0.0,0.0,0.0,0.0,-3.2645454545454378,-4.424825174825152,-5.507102897102868,-6.511378621378579,-7.437652347652293,DAL,@JAX,NYG,@LV,@WSH,@PHI,CIN,BAL,LAC,BYE,@NO,PIT,@DEN,@PIT,KC,@CIN,MIA,@BAL
4018,Joe Mixon,28.0,73,7.0,HOU,RB,25.3,6.5,0.0,0.0,0.0,26.2,25.4,21.4,16.6,16.0,34.3,7.0,22.66136363636364,24.09842657342656,25.587287712287687,27.127947052947015,28.72040459540454,@IND,CHI,@MIN,JAX,BUF,@NE,@GB,IND,@NYJ,DET,@DAL,TEN,@JAX,BYE,MIA,@KC,BAL,@TEN
4029,Dalvin Cook,29.0,70,7.0,DAL,RB,0.0,0.0,0.0,0.0,0.0,0.0,0.0,2.7,0.8,0.0,0.0,0.0,-0.12954545454545785,-0.40856643356643796,-0.7334915084915141,-1.1043206793206863,-1.5210539460539545,@CLE,NO,BAL,@NYG,@PIT,DET,BYE,@SF,@ATL,PHI,HOU,@WSH,NYG,CIN,@CAR,TB,@PHI,WSH
4033,David Njoku,28.0,76,7.0,CLE,TE,6.4,0.0,0.0,0.0,1.9,5.6,18.6,14.6,5.4,0.0,14.6,3.4,5.9977272727272535,4.820104895104869,3.386088911088875,1.6956793206792722,-0.2511238761239345,DAL,@JAX,NYG,@LV,@WSH,@PHI,CIN,BAL,LAC,BYE,@NO,PIT,@DEN,@PIT,KC,@CIN,MIA,@BAL
4034,Christian McCaffrey,28.0,71,7.0,SF,RB,0.0,0.0,0.0,0.0,0.0,0.0,0.0,0.0,0.0,13.7,12.6,6.3,14.163636363636376,17.498601398601412,21.17082917082919,25.180319680319705,29.527072927072957,NYJ,@MIN,@LAR,NE,ARI,@SEA,KC,DAL,BYE,@TB,SEA,@GB,@BUF,CHI,LAR,@MIA,DET,@ARI
4035,Alvin Kamara,29.0,70,7.0,NO,RB,19.5,43.0,14.2,21.4,9.6,14.9,5.4,15.2,24.5,13.4,10.9,0.0,6.75000000000006,5.880769230769307,5.130219780219875,4.498351648351765,3.9851648351649764,CAR,@DAL,PHI,@ATL,@KC,TB,DEN,@LAC,@CAR,ATL,CLE,BYE,LAR,@NYG,WSH,@GB,LV,@TB
4037,Chris Godwin,28.0,73,7.0,TB,WR,18.3,21.2,14.3,9.9,9.1,30.0,10.0,0.0,0.0,0.0,0.0,0.0,-6.118181818181789,-9.16153846153842,-12.345454545454501,-15.669930069930018,-19.13496503496497,WSH,@DET,DEN,PHI,@ATL,@NO,BAL,ATL,@KC,SF,BYE,@NYG,@CAR,LV,@LAC,@DAL,CAR,NO
4039,Cooper Kupp,31.0,74,7.0,LAR,WR,25.0,5.7,0.0,0.0,0.0,0.0,0.0,13.6,15.9,11.5,25.6,16.0,33.88863636363634,43.20751748251745,53.717357642357605,65.4181568431568,78.30991508491502,@DET,@ARI,SF,@CHI,GB,BYE,LV,MIN,@SEA,MIA,@NE,PHI,@NO,BUF,@SF,@NYJ,ARI,SEA
4040,JuJu Smith-Schuster,28.0,73,7.0,KC,WR,0.0,0.0,0.0,0.0,16.5,0.0,0.0,0.0,0.0,0.0,1.3,1.1,-1.929545454545461,-3.3673076923077017,-4.997627372627382,-6.820504495504508,-8.835939060939078,BAL,CIN,@ATL,@LAC,NO,BYE,@SF,@LV,TB,DEN,@BUF,@CAR,LV,LAC,@CLE,HOU,@PIT,@DEN
4046,Patrick Mahomes,29.0,74,7.0,KC,QB,15.64,14.94,17.38,14.0,14.44,0.0,14.06,19.18,24.54,16.54,17.84,28.76,30.910909090909126,35.87132867132871,41.41774225774232,47.55014985014992,54.26855144855153,BAL,CIN,@ATL,@LAC,NO,BYE,@SF,@LV,TB,DEN,@BUF,@CAR,LV,LAC,@CLE,HOU,@PIT,@DEN
4066,Evan Engram,30.0,75,7.0,JAX,TE,1.0,0.0,0.0,0.0,0.0,13.2,6.0,11.6,9.0,7.0,5.3,0.0,0.6977272727272448,-2.1295454545454895,-5.439785214785264,-9.232992007992067,-13.509165834165909,@MIA,CLE,@BUF,@HOU,IND,@CHI,NE,GB,@PHI,MIN,@DET,BYE,HOU,@TEN,NYJ,@LV,TEN,@IND
4068,Mike Williams,30.0,75,7.0,PIT,WR,0.0,2.4,4.9,8.7,3.5,0.0,2.0,0.0,0.0,9.7,0.0,0.0,-0.16363636363635847,-1.1594405594405524,-2.2775224775224663,-3.5178821178821025,-4.880519480519462,@ATL,@DEN,LAC,@IND,DAL,@LV,NYJ,NYG,BYE,@WSH,BAL,@CLE,@CIN,CLE,@PHI,@BAL,KC,CIN
4080,Zay Jones,29.0,74,7.0,ARI,WR,0.0,0.0,0.0,0.0,0.0,0.0,0.0,0.8,0.0,0.0,0.0,0.0,-0.05454545454545533,-0.12727272727272826,-0.2115884115884128,-0.307492507492509,-0.4149850149850167,@WAS,NYG,DAL,SF,CIN,@LAR,@SEA,BAL,@CLE,ATL,@HOU,LAR,@PIT,SF,@CHI,@PHI,SEA,@ATL
4082,Curtis Samuel,28.0,71,7.0,BUF,WR,2.5,0.8,3.7,2.5,0.4,5.9,0.0,0.0,0.0,5.5,14.3,0.0,6.940909090909097,8.166783216783225,9.524325674325686,11.013536463536477,12.6344155844156,@NYJ,LV,@WAS,MIA,JAX,NYG,@NE,TB,@CIN,DEN,NYJ,BYE,@PHI,@KC,DAL,@LAC,NE,@MIA
4089,Gerald Everett,30.0,75,7.0,CHI,TE,0.0,1.1,0.0,0.0,3.2,0.0,0.0,0.8,1.0,0.0,0.0,0.0,-0.5659090909090905,-0.9770979020979014,-1.4409840159840148,-1.957567432567431,-2.52684815184815,TEN,@HOU,@IND,LAR,CAR,JAX,BYE,@WSH,@ARI,NE,GB,MIN,@DET,@SF,@MIN,DET,SEA,@GB
4098,Kareem Hunt,29.0,71,7.0,KC,RB,0.0,0.0,0.0,9.5,18.2,0.0,21.3,12.8,18.2,13.5,6.0,10.2,5.634090909090913,1.8522727272727249,-2.6243006993007096,-7.79562937062939,-13.661713286713317,BAL,CIN,@ATL,@LAC,NO,BYE,@SF,@LV,TB,DEN,@BUF,@CAR,LV,LAC,@CLE,HOU,@PIT,@DEN
4111,D'Onta Foreman,28.0,72,7.0,CLE,RB,0.0,5.6,0.5,1.2,6.5,5.7,0.5,2.6,0.0,0.0,0.0,0.0,-2.5954545454545452,-4.1255244755244735,-5.835814185814182,-7.726323676323671,-9.79705294705294,DAL,@JAX,NYG,@LV,@WSH,@PHI,CIN,BAL,LAC,BYE,@NO,PIT,@DEN,@PIT,KC,@CIN,MIA,@BAL
4137,James Conner,29.0,73,7.0,ARI,RB,17.8,18.9,3.0,17.8,13.0,4.6,16.2,13.9,13.4,19.8,0.0,7.4,6.990909090909108,5.830769230769251,4.5921078921079115,3.274925074925097,1.8792207792208035,@WAS,NYG,DAL,SF,CIN,@LAR,@SEA,BAL,@CLE,ATL,@HOU,LAR,@PIT,SF,@CHI,@PHI,SEA,@ATL
4144,Jonnu Smith,29.0,75,7.0,MIA,TE,1.2,8.3,2.8,0.0,8.6,0.0,19.1,4.0,7.1,6.0,25.1,19.2,23.96818181818184,28.24650349650352,32.93001998002002,38.01873126873131,43.51263736263741,JAX,BUF,@SEA,TEN,@NE,BYE,@IND,ARI,@BUF,@LAR,LV,NE,@GB,NYJ,@HOU,SF,@CLE,@NYJ
4147,Samaje Perine,29.0,70,7.0,KC,RB,1.5,0.8,5.5,7.4,2.9,0.0,3.3,4.0,11.5,4.7,1.8,3.4,2.854545454545452,2.0125874125874095,1.0246753246753175,-0.10919080919081703,-1.3890109890109978,BAL,CIN,@ATL,@LAC,NO,BYE,@SF,@LV,TB,DEN,@BUF,@CAR,LV,LAC,@CLE,HOU,@PIT,@DEN
4149,Jamaal Williams,29.0,72,7.0,NO,RB,0.0,3.9,0.4,2.9,0.9,0.7,1.7,0.0,0.0,0.0,0.0,0.0,-0.8204545454545413,-1.2246503496503438,-1.6595654345654265,-2.1251998001997894,-2.621553446553434,CAR,@DAL,PHI,@ATL,@KC,TB,DEN,@LAC,@CAR,ATL,CLE,BYE,LAR,@NYG,WSH,@GB,LV,@TB
4171,Josh Reynolds,29.0,75,7.0,DEN,WR,7.0,11.3,4.6,0.0,7.4,0.0,0.0,0.0,0.0,0.0,0.0,0.0,0.6931818181818326,1.4777972027972215,2.490934065934093,3.73259240759244,5.202772227772266,@SEA,PIT,@TB,@NYJ,LV,LAC,@NO,CAR,@BAL,@KC,ATL,@LV,CLE,BYE,IND,@LAC,@CIN,KC
4199,Aaron Jones,29.0,70,7.0,MIN,RB,17.9,7.3,23.3,15.9,5.8,0.0,19.1,10.5,10.2,11.1,4.8,18.4,15.475000000000039,17.750524475524514,20.39992507492512,23.423201798201855,26.820354645354712,@NYG,SF,HOU,@GB,NYJ,BYE,DET,@LAR,IND,@JAX,@TEN,@CHI,ARI,ATL,CHI,@SEA,GB,@DET
421,Matthew Stafford,36.0,75,15.0,LAR,QB,15.68,6.64,12.84,5.86,13.4,0.0,4.96,25.76,18.92,10.72,27.8,19.22,28.931818181818198,33.81097902097903,39.22638361638363,45.17803196803198,51.66592407592409,@DET,@ARI,SF,@CHI,GB,BYE,LV,MIN,@SEA,MIA,@NE,PHI,@NO,BUF,@SF,@NYJ,ARI,SEA
4217,George Kittle,31.0,76,7.0,SF,TE,6.0,17.1,0.0,12.5,16.4,20.3,12.2,21.8,0.0,13.2,0.0,17.2,5.943181818181829,3.3774475524475633,0.44153346653347825,-2.864560439560421,-6.54083416583414,NYJ,@MIN,@LAR,NE,ARI,@SEA,KC,DAL,BYE,@TB,SEA,@GB,@BUF,CHI,LAR,@MIA,DET,@ARI
4219,Jeremy McNichols,28.0,69,7.0,WAS,RB,0.0,0.0,0.0,0.0,10.4,0.9,4.2,-0.1,2.0,6.7,1.1,0.0,-0.636363636363636,-2.1692307692307695,-3.9403596403596417,-5.949750249750252,-8.1974025974026,,,,,,,,,,,,,,,,,,
4234,Noah Brown,28.0,74,7.0,WAS,WR,0.0,0.0,0.0,0.0,0.0,7.8,2.1,14.8,8.5,4.8,0.9,10.1,6.845454545454539,6.483916083916075,5.953846153846138,5.255244755244735,4.388111888111865,,,,,,,,,,,,,,,,,,
4314,Johnny Mundt,30.0,76,7.0,MIN,TE,2.5,2.2,6.7,2.5,4.1,0.0,2.8,0.0,0.0,0.0,0.0,0.0,-1.3636363636363553,-1.9804195804195706,-2.6272727272727145,-3.304195804195788,-4.011188811188792,@NYG,SF,HOU,@GB,NYJ,BYE,DET,@LAR,IND,@JAX,@TEN,@CHI,ARI,ATL,CHI,@SEA,GB,@DET
4351,Tim Patrick,31.0,77,7.0,DET,WR,0.0,0.0,0.0,0.0,0.0,0.0,0.0,0.0,2.2,0.0,4.1,0.0,2.1068181818181833,2.5019230769230787,2.9295454545454565,3.389685314685317,3.88234265734266,LAR,TB,@ARI,SEA,BYE,@DAL,@MIN,TEN,@GB,@HOU,JAX,@IND,CHI,GB,BUF,@CHI,@SF,MIN
4381,Taysom Hill,34.0,74,7.0,NO,TE,4.1,2.4,0.0,14.4,0.0,0.0,0.0,5.22,14.0,6.0,38.52,0.0,19.380909090909107,22.723426573426593,26.375794205794232,30.338011988012017,34.610079920079954,CAR,@DAL,PHI,@ATL,@KC,TB,DEN,@LAC,@CAR,ATL,CLE,BYE,LAR,@NYG,WSH,@GB,LV,@TB
4454,Kendrick Bourne,29.0,73,7.0,NE,WR,0.0,0.0,0.0,0.0,1.1,1.9,1.9,0.0,6.1,0.0,15.5,4.5,10.27272727272728,12.309790209790222,14.529870129870144,16.932967032967053,19.51908091908094,@CIN,SEA,@NYJ,@SF,MIA,HOU,@JAX,NYJ,@TEN,@CHI,LAR,@MIA,IND,BYE,@ARI,@BUF,LAC,BUF
4574,Cooper Rush,31.0,75,7.0,DAL,QB,0.0,0.0,0.0,0.0,0.0,0.0,0.0,0.0,0.0,-2.0,17.36,17.98,21.270454545454598,27.42751748251755,34.29432067932076,41.87086413586423,50.157147852147965,@CLE,NO,BAL,@NYG,@PIT,DET,BYE,@SF,@ATL,PHI,HOU,@WSH,NYG,CIN,@CAR,TB,@PHI,WSH
4663,Austin Ekeler,29.0,69,7.0,WAS,RB,8.2,10.0,12.7,0.0,10.7,8.8,3.0,6.8,15.8,17.6,13.6,3.4,11.454545454545473,11.960139860139883,12.500299700299728,13.075024975025007,13.684315684315722,,,,,,,,,,,,,,,,,,
4866,Saquon Barkley,27.0,72,6.0,PHI,RB,32.2,15.6,31.6,12.6,0.0,6.4,25.7,11.6,31.4,8.3,32.8,44.2,51.786363636363745,64.07937062937074,77.99275724275738,93.52652347652364,110.68066933066952,GB,ATL,@NO,@TB,BYE,CLE,@NYG,@CIN,JAX,@DAL,WSH,@LAR,@BAL,CAR,PIT,@WSH,DAL,NYG
4881,Lamar Jackson,27.0,74,6.0,BAL,QB,25.12,17.38,25.98,23.64,33.42,19.92,34.44,24.16,23.6,32.9,15.88,22.58,18.244090909090907,15.20884615384615,11.743221778221766,7.8472177822177684,3.520834165834149,HOU,@CIN,IND,@CLE,@PIT,TEN,DET,@ARI,SEA,CLE,CIN,BYE,@LAC,LAR,@JAX,@SF,MIA,PIT
4892,Baker Mayfield,29.0,73,6.0,TB,QB,29.66,19.8,9.52,28.88,23.4,28.9,29.0,24.3,18.0,8.94,0.0,18.66,4.010454545454557,-0.8516433566433506,-6.231073926073922,-12.127837162837167,-18.541933066933083,WSH,@DET,DEN,PHI,@ATL,@NO,BAL,ATL,@KC,SF,BYE,@NYG,@CAR,LV,@LAC,@DAL,CAR,NO
4943,Sam Darnold,27.0,75,6.0,MIN,QB,15.62,20.92,23.24,21.5,5.26,0.0,17.26,18.2,21.0,9.44,23.64,21.1,26.16318181818187,30.362762237762304,35.141433566433655,40.49919580419591,46.43604895104906,@NYG,SF,HOU,@GB,NYJ,BYE,DET,@LAR,IND,@JAX,@TEN,@CHI,ARI,ATL,CHI,@SEA,GB,@DET
4950,Christian Kirk,28.0,71,6.0,JAX,WR,3.5,0.4,11.9,15.6,10.8,5.4,2.9,6.9,0.0,0.0,0.0,0.0,-6.636363636363636,-10.385314685314682,-14.561138861138861,-19.163836163836162,-24.19340659340659,@MIA,CLE,@BUF,@HOU,IND,@CHI,NE,GB,@PHI,MIN,@DET,BYE,HOU,@TEN,NYJ,@LV,TEN,@IND
4951,DJ Chark,28.0,75,6.0,LAC,WR,0.0,0.0,0.0,0.0,0.0,0.0,0.0,0.0,0.0,0.0,0.0,0.0,0.0,0.0,0.0,0.0,0.0,LV,@CAR,@PIT,KC,BYE,@DEN,@ARI,NO,@CLE,TEN,CIN,BAL,@ATL,@KC,TB,DEN,@NE,@LV
4972,Mason Rudolph,29.0,77,6.0,TEN,QB,0.0,0.0,0.0,3.4,0.0,0.0,10.9,21.54,18.5,0.0,0.0,0.0,-2.4822727272727727,-6.774020979021033,-11.754310689310767,-17.423141858141946,-23.780514485514587,@CHI,NYJ,GB,@MIA,BYE,IND,@BUF,@DET,NE,@LAC,MIN,@HOU,@WSH,JAX,CIN,@IND,@JAX,HOU
4973,Hayden Hurst,31.0,76,6.0,LAC,TE,4.3,1.0,2.5,1.1,0.0,0.0,0.0,0.0,0.0,0.0,0.0,0.0,0.7977272727272817,1.3781468531468626,2.0810939060939164,2.9065684315684424,3.8545704295704413,LV,@CAR,@PIT,KC,BYE,@DEN,@ARI,NO,@CLE,TEN,CIN,BAL,@ATL,@KC,TB,DEN,@NE,@LV
4981,Calvin Ridley,29.0,73,6.0,TEN,WR,6.5,22.7,1.4,2.0,0.0,0.9,5.7,17.6,9.8,22.9,7.8,11.8,19.434090909090934,23.009615384615422,27.01036463536468,31.436338661338716,36.287537462537536,@CHI,NYJ,GB,@MIA,BYE,IND,@BUF,@DET,NE,@LAC,MIN,@HOU,@WSH,JAX,CIN,@IND,@JAX,HOU
4983,DJ Moore,27.0,71,6.0,CHI,WR,7.5,8.3,11.2,9.7,25.0,4.0,0.0,4.4,5.3,4.2,10.2,23.4,17.73181818181821,21.175874125874163,25.084365634365682,29.457292707292765,34.29465534465542,TEN,@HOU,@IND,LAR,CAR,JAX,BYE,@WSH,@ARI,NE,GB,MIN,@DET,@SF,@MIN,DET,SEA,@GB
4984,Josh Allen,28.0,77,6.0,BUF,QB,31.18,9.76,30.92,7.3,14.64,24.4,21.02,20.82,23.1,20.2,24.98,0.0,10.989090909090912,8.5862937062937,5.933586413586399,3.030969030969004,-0.12155844155848072,@NYJ,LV,@WAS,MIA,JAX,NYG,@NE,TB,@CIN,DEN,NYJ,BYE,@PHI,@KC,DAL,@LAC,NE,@MIA
4988,Nick Chubb,28.0,71,6.0,CLE,RB,0.0,0.0,0.0,0.0,0.0,0.0,9.7,5.2,4.0,0.0,5.0,18.5,14.636363636363642,17.706293706293714,21.068031968031978,24.72157842157843,28.66693306693308,DAL,@JAX,NYG,@LV,@WSH,@PHI,CIN,BAL,LAC,BYE,@NO,PIT,@DEN,@PIT,KC,@CIN,MIA,@BAL
4993,Mike Gesicki,29.0,78,6.0,CIN,TE,3.3,12.6,6.7,-0.4,4.1,0.0,0.7,8.8,24.5,5.0,0.0,0.0,2.6613636363636406,1.5340909090909154,0.25691808191809207,-1.1701548451548343,-2.7471278721278605,NE,@KC,WSH,@CAR,BAL,@NYG,@CLE,PHI,LV,@BAL,@LAC,BYE,PIT,@DAL,@TEN,CLE,DEN,@PIT
5001,Dalton Schultz,28.0,77,6.0,HOU,TE,3.1,3.1,2.1,4.9,5.4,4.7,3.3,7.2,3.6,8.1,5.8,3.0,4.270454545454545,3.714510489510489,3.047827172827172,2.2704045954045933,1.3822427572427531,@IND,CHI,@MIN,JAX,BUF,@NE,@GB,IND,@NYJ,DET,@DAL,TEN,@JAX,BYE,MIA,@KC,BAL,@TEN
5010,Will Dissly,28.0,76,6.0,LAC,TE,0.0,0.0,0.0,0.0,0.0,0.0,0.0,6.6,1.9,5.5,16.0,6.7,13.715909090909106,16.638286713286732,19.83553946053949,23.307667332667364,27.054670329670365,LV,@CAR,@PIT,KC,BYE,@DEN,@ARI,NO,@CLE,TEN,CIN,BAL,@ATL,@KC,TB,DEN,@NE,@LV
5012,Mark Andrews,29.0,77,6.0,BAL,TE,2.4,7.1,0.0,0.0,7.5,14.1,18.1,12.1,3.6,15.8,3.2,13.1,8.5090909090909,7.104195804195791,5.38421578421577,3.3491508491508286,0.999000999000971,HOU,@CIN,IND,@CLE,@PIT,TEN,DET,@ARI,SEA,CLE,CIN,BYE,@LAC,LAR,@JAX,@SF,MIA,PIT
5022,Dallas Goedert,29.0,77,6.0,PHI,TE,5.1,5.3,22.0,9.7,0.0,0.0,0.0,0.0,0.0,9.5,8.6,3.9,7.99772727272731,10.059265734265782,12.475000000000062,15.244930069930147,18.369055944056036,GB,ATL,@NO,@TB,BYE,CLE,@NYG,@CIN,JAX,@DAL,WSH,@LAR,@BAL,CAR,PIT,@WSH,DAL,NYG
5032,Jordan Akins,32.0,76,6.0,CLE,TE,0.0,1.5,4.9,1.5,9.7,0.0,6.2,0.0,0.0,0.0,0.0,0.0,-3.4409090909090914,-5.397552447552446,-7.594655344655344,-10.032217782217783,-12.710239760239759,DAL,@JAX,NYG,@LV,@WSH,@PHI,CIN,BAL,LAC,BYE,@NO,PIT,@DEN,@PIT,KC,@CIN,MIA,@BAL
5045,Courtland Sutton,29.0,76,6.0,DEN,WR,5.8,3.1,10.3,13.5,4.2,13.3,0.0,13.12,19.78,16.0,11.3,25.7,24.354090909090935,27.720244755244792,31.378736263736304,35.32956543456548,39.57273226773232,@SEA,PIT,@TB,@NYJ,LV,LAC,@NO,CAR,@BAL,@KC,ATL,@LV,CLE,BYE,IND,@LAC,@CIN,KC
5086,Marquez Valdes-Scantling,30.0,76,6.0,NO,WR,0.0,0.0,0.0,0.0,0.0,0.0,0.0,0.0,0.0,0.0,15.7,0.0,7.493181818181824,9.359615384615394,11.422102897102908,13.68064435564437,16.135239760239777,CAR,@DAL,PHI,@ATL,@KC,TB,DEN,@LAC,@CAR,ATL,CLE,BYE,LAR,@NYG,WSH,@GB,LV,@TB
5096,Ray-Ray McCloud,28.0,69,6.0,ATL,WR,0.0,6.0,4.7,8.2,9.6,2.8,1.9,4.1,11.0,5.1,7.6,0.0,1.3181818181818263,-0.5160839160839054,-2.619280719280709,-4.991408591408575,-7.632467532467508,CAR,GB,@DET,@JAX,HOU,WAS,@TB,MIN,@ARI,BYE,NO,@NYJ,TB,@CAR,IND,@CHI,@NO,ARI
5133,Tyler Conklin,29.0,75,6.0,NYJ,TE,1.1,1.5,11.8,3.7,8.5,2.0,8.7,11.7,0.2,1.3,1.2,0.0,-4.434090909090922,-7.843181818181838,-11.694580419580442,-15.988286713286737,-20.724300699300723,@SF,@TEN,NE,DEN,@MIN,BUF,@PIT,@NE,HOU,@ARI,IND,BYE,SEA,@MIA,@JAX,LAR,@BUF,MIA
5185,Allen Lazard,28.0,77,6.0,NYJ,WR,0.0,2.1,12.3,8.3,11.4,20.4,7.8,0.0,0.0,0.0,0.0,0.0,-9.761363636363638,-15.311013986013993,-21.556918081918084,-28.49907592407593,-36.137487512487525,@SF,@TEN,NE,DEN,@MIN,BUF,@PIT,@NE,HOU,@ARI,IND,BYE,SEA,@MIA,@JAX,LAR,@BUF,MIA
5248,Gus Edwards,29.0,73,6.0,LAC,RB,3.3,5.9,0.9,1.9,0.0,0.0,0.0,0.0,0.0,5.5,2.7,7.1,8.852272727272744,11.638286713286732,14.804470529470553,18.350824175824208,22.277347652347693,LV,@CAR,@PIT,KC,BYE,@DEN,@ARI,NO,@CLE,TEN,CIN,BAL,@ATL,@KC,TB,DEN,@NE,@LV
5374,Justin Watson,28.0,74,6.0,KC,WR,0.0,0.0,0.0,0.0,0.0,0.0,0.0,0.0,0.0,0.0,0.0,0.0,0.0,0.0,0.0,0.0,0.0,BAL,CIN,@ATL,@LAC,NO,BYE,@SF,@LV,TB,DEN,@BUF,@CAR,LV,LAC,@CLE,HOU,@PIT,@DEN
5409,Tanner Hudson,30.0,77,6.0,CIN,TE,0.0,0.0,0.0,0.0,0.0,0.0,0.0,0.0,2.4,13.3,2.3,0.0,4.586363636363638,5.131118881118882,5.690859140859141,6.265584415584417,6.855294705294707,NE,@KC,WSH,@CAR,BAL,@NYG,@CLE,PHI,LV,@BAL,@LAC,BYE,PIT,@DAL,@TEN,CLE,DEN,@PIT
5844,T.J. Hockenson,27.0,77,5.0,MIN,TE,0.0,0.0,0.0,0.0,0.0,0.0,0.0,0.0,4.2,11.2,2.3,14.9,15.359090909090936,19.208041958041985,23.46498501498505,28.129920079920122,33.202847152847205,@NYG,SF,HOU,@GB,NYJ,BYE,DET,@LAR,IND,@JAX,@TEN,@CHI,ARI,ATL,CHI,@SEA,GB,@DET
5846,DK Metcalf,26.0,76,5.0,SEA,WR,4.4,23.9,18.4,11.9,5.5,6.3,17.9,0.0,0.0,0.0,10.5,7.9,5.256818181818234,5.5043706293706975,5.9248001998002895,6.5181068931070065,7.28429070929085,DEN,@NE,MIA,@DET,NYG,SF,@ATL,BUF,LAR,BYE,@SF,ARI,@NYJ,@ARI,GB,MIN,@CHI,@LAR
5848,Hollywood Brown,27.0,69,5.0,KC,WR,0.0,0.0,0.0,0.0,0.0,0.0,0.0,0.0,0.0,0.0,0.0,0.0,0.0,0.0,0.0,0.0,0.0,BAL,CIN,@ATL,@LAC,NO,BYE,@SF,@LV,TB,DEN,@BUF,@CAR,LV,LAC,@CLE,HOU,@PIT,@DEN
5849,Kyler Murray,27.0,70,5.0,ARI,QB,14.18,28.54,15.78,9.98,25.1,11.96,21.2,22.18,4.76,28.74,0.0,11.3,6.346363636363666,3.387202797202834,0.11691308691313651,-3.4645054945054348,-7.357052947052878,@WAS,NYG,DAL,SF,CIN,@LAR,@SEA,BAL,@CLE,ATL,@HOU,LAR,@PIT,SF,@CHI,@PHI,SEA,@ATL
5850,Josh Jacobs,26.0,70,5.0,GB,RB,11.4,13.1,5.3,9.8,15.9,10.5,17.7,25.0,11.8,0.0,21.4,28.6,24.37045454545457,27.16346153846157,30.21995504495508,33.5399350649351,37.12340159840164,@PHI,IND,@TEN,MIN,@LAR,ARI,HOU,@JAX,DET,BYE,@CHI,SF,MIA,@DET,@SEA,NO,@MIN,CHI
5857,Noah Fant,27.0,76,5.0,SEA,TE,2.1,1.9,9.0,3.6,3.9,9.3,8.5,3.7,0.0,0.0,0.0,0.0,-4.8363636363636395,-7.826573426573431,-11.18271728271729,-14.904795204795215,-18.99280719280721,DEN,@NE,MIA,@DET,NYG,SF,@ATL,BUF,LAR,BYE,@SF,ARI,@NYJ,@ARI,GB,MIN,@CHI,@LAR
5859,A.J. Brown,27.0,73,5.0,PHI,WR,20.4,0.0,0.0,0.0,0.0,20.6,17.4,10.9,4.6,13.4,9.0,19.9,20.259090909090908,23.589160839160826,27.28416583416581,31.344105894105862,35.76898101898097,GB,ATL,@NO,@TB,BYE,CLE,@NYG,@CIN,JAX,@DAL,WSH,@LAR,@BAL,CAR,PIT,@WSH,DAL,NYG
5870,Daniel Jones,27.0,77,5.0,MIN,QB,6.94,18.32,19.44,10.54,22.08,12.8,5.96,7.66,24.36,14.2,0.0,0.0,-3.4122727272727236,-8.649755244755243,-14.506128871128857,-20.98139360639359,-28.07554945054943,@NYG,SF,HOU,@GB,NYJ,BYE,DET,@LAR,IND,@JAX,@TEN,@CHI,ARI,ATL,CHI,@SEA,GB,@DET
5872,Deebo Samuel,28.0,72,5.0,SF,WR,16.2,14.0,0.0,8.7,2.5,19.2,0.0,10.6,0.0,10.1,4.1,2.6,4.890909090909108,5.2069930069930255,5.671328671328691,6.283916083916106,7.044755244755268,NYJ,@MIN,@LAR,NE,ARI,@SEA,KC,DAL,BYE,@TB,SEA,@GB,@BUF,CHI,LAR,@MIA,DET,@ARI
5892,David Montgomery,27.0,71,5.0,DET,RB,15.8,15.0,19.7,14.5,0.0,20.5,6.5,14.42,11.1,12.1,23.0,14.8,20.97136363636369,24.070944055944125,27.603301698301784,31.56843656343667,35.96634865134878,LAR,TB,@ARI,SEA,BYE,@DAL,@MIN,TEN,@GB,@HOU,JAX,@IND,CHI,GB,BUF,@CHI,@SF,MIN
5906,Dawson Knox,28.0,76,5.0,BUF,TE,2.8,0.0,1.2,0.5,0.0,7.7,1.0,6.0,1.0,5.0,6.0,0.0,2.577272727272723,2.122027972027965,1.5699800199800096,0.921128871128857,0.17547452547450715,@NYJ,LV,@WAS,MIA,JAX,NYG,@NE,TB,@CIN,DEN,NYJ,BYE,@PHI,@KC,DAL,@LAC,NE,@MIA
5917,Mecole Hardman,26.0,70,5.0,KC,WR,0.0,0.0,0.0,0.0,0.0,0.0,0.0,1.3,3.2,0.8,3.1,1.5,2.9340909090909104,3.418706293706295,3.937637362637364,4.490884115884118,5.078446553446556,BAL,CIN,@ATL,@LAC,NO,BYE,@SF,@LV,TB,DEN,@BUF,@CAR,LV,LAC,@CLE,HOU,@PIT,@DEN
5927,Terry McLaurin,29.0,72,5.0,WAS,WR,2.7,5.2,18.0,14.7,11.4,20.3,12.8,15.0,14.9,13.8,1.5,18.7,7.127272727272728,3.863636363636364,0.0750249750249754,-4.2385614385614385,-9.07712287712287,,,,,,,,,,,,,,,,,,
5937,Diontae Johnson,28.0,70,5.0,BAL,WR,2.9,3.0,22.2,17.8,4.4,16.8,2.2,0.0,0.0,1.1,0.0,0.0,-7.827272727272732,-11.886013986013987,-16.36303696303696,-21.258341658341656,-26.57192807192807,HOU,@CIN,IND,@CLE,@PIT,TEN,DET,@ARI,SEA,CLE,CIN,BYE,@LAC,LAR,@JAX,@SF,MIA,PIT
5938,Lil'Jordan Humphrey,26.0,76,5.0,DEN,WR,0.0,0.0,0.0,0.0,5.8,1.3,2.2,0.0,0.0,0.0,0.0,0.0,-1.8022727272727344,-2.876398601398609,-4.09572927072928,-5.460264735264747,-6.970004995005009,@SEA,PIT,@TB,@NYJ,LV,LAC,@NO,CAR,@BAL,@KC,ATL,@LV,CLE,BYE,IND,@LAC,@CIN,KC
5947,Jakobi Meyers,28.0,74,5.0,LV,WR,7.9,4.9,17.7,7.4,10.2,0.0,0.0,14.2,14.5,0.0,6.8,17.1,13.929545454545476,16.192482517482546,18.757767232767264,21.625399600399643,24.795379620379673,@LAC,@BAL,CAR,CLE,@DEN,PIT,@LAR,KC,@CIN,BYE,@MIA,DEN,@KC,@TB,ATL,JAX,@NO,LAC
5967,Tony Pollard,27.0,72,5.0,TEN,RB,16.9,12.7,4.4,17.8,0.0,16.3,7.5,13.2,16.9,8.3,3.9,20.4,16.920454545454565,19.320454545454567,22.056868131868153,25.12969530469533,28.53893606393609,@CHI,NYJ,GB,@MIA,BYE,IND,@BUF,@DET,NE,@LAC,MIN,@HOU,@WSH,JAX,CIN,@IND,@JAX,HOU
5970,Greg Dortch,26.0,67,5.0,ARI,WR,8.1,2.1,5.0,5.8,1.2,3.1,7.0,1.4,0.0,0.4,0.0,1.0,-0.3340909090909028,-0.7634615384615318,-1.1773976023975958,-1.5758991008990941,-1.9589660339660293,@WAS,NYG,DAL,SF,CIN,@LAR,@SEA,BAL,@CLE,ATL,@HOU,LAR,@PIT,SF,@CHI,@PHI,SEA,@ATL
5973,Josh Oliver,27.0,77,5.0,MIN,TE,0.0,0.0,0.0,0.0,0.0,0.0,0.0,0.0,0.0,0.0,0.0,0.0,0.0,0.0,0.0,0.0,0.0,@NYG,SF,HOU,@GB,NYJ,BYE,DET,@LAR,IND,@JAX,@TEN,@CHI,ARI,ATL,CHI,@SEA,GB,@DET
5985,Foster Moreau,27.0,76,5.0,NO,TE,12.3,0.0,0.7,0.0,8.3,6.4,4.8,0.0,8.2,0.0,6.5,0.0,2.9181818181818135,2.9195804195804094,2.954745254745238,3.023676323676299,3.126373626373593,CAR,@DAL,PHI,@ATL,@KC,TB,DEN,@LAC,@CAR,ATL,CLE,BYE,LAR,@NYG,WSH,@GB,LV,@TB
5987,Alexander Mattison,26.0,71,5.0,LV,RB,14.2,6.1,11.9,6.0,9.1,15.0,13.8,6.9,3.6,0.0,8.4,0.0,-1.1409090909090907,-3.6527972027972098,-6.404345654345665,-9.395554445554463,-12.626423576423605,@LAC,@BAL,CAR,CLE,@DEN,PIT,@LAR,KC,@CIN,BYE,@MIA,DEN,@KC,@TB,ATL,JAX,@NO,LAC
5995,Justice Hill,27.0,70,5.0,BAL,RB,8.5,4.2,6.4,18.6,3.0,0.9,12.3,2.4,7.3,0.8,6.1,13.2,9.606818181818205,10.942482517482544,12.477597402597436,14.212162837162873,16.14617882117886,HOU,@CIN,IND,@CLE,@PIT,TEN,DET,@ARI,SEA,CLE,CIN,BYE,@LAC,LAR,@JAX,@SF,MIA,PIT
6011,Gardner Minshew,28.0,73,5.0,LV,QB,11.78,13.94,14.96,5.0,9.68,0.0,1.36,14.96,2.96,0.0,18.98,12.7,17.64909090909095,22.000979020979067,26.995664335664394,32.633146853146926,38.91342657342667,@LAC,@BAL,CAR,CLE,@DEN,PIT,@LAR,KC,@CIN,BYE,@MIA,DEN,@KC,@TB,ATL,JAX,@NO,LAC
6130,Devin Singletary,27.0,67,5.0,NYG,RB,7.2,14.0,16.8,4.3,0.0,0.0,2.6,3.3,3.3,5.0,0.0,8.0,7.76136363636367,10.207517482517531,13.099175824175882,16.436338661338738,20.21900599400609,MIN,@WSH,@CLE,DAL,@SEA,CIN,PHI,@PIT,WSH,@CAR,BYE,TB,@DAL,NO,BAL,@ATL,IND,@PHI
6149,Darius Slayton,27.0,73,5.0,NYG,WR,4.1,4.8,1.2,7.1,22.2,8.7,1.6,12.8,7.5,0.0,0.0,0.0,-6.795454545454554,-11.715034965034983,-17.27247752247754,-23.46778221778225,-30.3009490509491,MIN,@WSH,@CLE,DAL,@SEA,CIN,PHI,@PIT,WSH,@CAR,BYE,TB,@DAL,NO,BAL,@ATL,IND,@PHI
6151,Miles Sanders,27.0,71,5.0,CAR,RB,2.2,4.0,10.0,6.1,4.3,1.8,3.3,8.0,0.0,0.5,0.0,0.0,-3.022727272727271,-4.952797202797196,-7.086363636363629,-9.423426573426566,-11.963986013986005,@ATL,NO,@SEA,MIN,@DET,@MIA,HOU,IND,@CHI,DAL,@TEN,@TB,@NO,ATL,GB,@JAX,TB,@CHI
6271,Olamide Zaccheaus,27.0,68,5.0,WAS,WR,2.0,2.9,0.0,11.5,1.5,0.0,0.0,0.0,0.0,0.0,0.0,0.0,-1.438636363636359,-2.0211538461538394,-2.6318931068930995,-3.2708541458541367,-3.938036963036951,,,,,,,,,,,,,,,,,,
6694,D'Ernest Johnson,28.0,70,5.0,JAX,RB,0.0,0.0,0.0,0.0,0.0,0.0,8.5,2.8,0.6,0.0,0.0,0.0,-1.5022727272727385,-2.7924825174825316,-4.27694805194807,-5.955669330669352,-7.828646353646379,@MIA,CLE,@BUF,@HOU,IND,@CHI,NE,GB,@PHI,MIN,@DET,BYE,HOU,@TEN,NYJ,@LV,TEN,@IND
6768,Tua Tagovailoa,26.0,73,4.0,MIA,QB,18.62,8.5,0.0,0.0,0.0,0.0,0.0,14.66,17.54,9.18,23.52,28.48,40.31136363636367,51.20800699300705,63.4417432567433,77.0125724275725,91.92049450549459,JAX,BUF,@SEA,TEN,@NE,BYE,@IND,ARI,@BUF,@LAR,LV,NE,@GB,NYJ,@HOU,SF,@CLE,@NYJ
6770,Joe Burrow,27.0,76,4.0,CIN,QB,8.06,17.22,25.36,17.28,34.78,19.82,14.94,13.86,30.14,33.72,29.04,0.0,8.56590909090908,2.6165384615384477,-4.219155844155849,-11.941173826173838,-20.549515484515503,NE,@KC,WSH,@CAR,BAL,@NYG,@CLE,PHI,LV,@BAL,@LAC,BYE,PIT,@DAL,@TEN,CLE,DEN,@PIT
6783,Jerry Jeudy,25.0,73,4.0,CLE,WR,10.0,9.8,6.7,10.2,2.1,4.0,2.3,10.4,10.8,0.0,23.2,11.5,19.20000000000003,23.362937062937103,28.062437562437616,33.29850149850156,39.071128871128934,DAL,@JAX,NYG,@LV,@WSH,@PHI,CIN,BAL,LAC,BYE,@NO,PIT,@DEN,@PIT,KC,@CIN,MIA,@BAL
6786,CeeDee Lamb,25.0,74,4.0,DAL,WR,11.1,17.0,6.7,20.1,8.9,12.6,0.0,33.1,12.2,5.4,14.6,11.8,11.625000000000012,11.104020979020994,10.509865134865153,9.84253246753249,9.102022977023005,@CLE,NO,BAL,@NYG,@PIT,DET,BYE,@SF,@ATL,PHI,HOU,@WSH,NYG,CIN,@CAR,TB,@PHI,WSH
6790,D'Andre Swift,25.0,69,4.0,CHI,RB,5.0,6.2,5.2,26.0,19.0,19.9,0.0,18.9,11.2,7.0,15.4,8.0,3.799999999999974,-0.1391608391608714,-4.6581418581418905,-9.75694305694309,-15.43556443556447,TEN,@HOU,@IND,LAR,CAR,JAX,BYE,@WSH,@ARI,NE,GB,MIN,@DET,@SF,@MIN,DET,SEA,@GB
6794,Justin Jefferson,25.0,73,4.0,MIN,WR,13.9,21.3,17.1,17.5,12.2,0.0,17.9,15.5,18.08,7.3,11.1,3.7,5.7077272727273005,4.049825174825212,2.2759090909091366,0.3859790209790752,-1.6199650349649666,@NYG,SF,HOU,@GB,NYJ,BYE,DET,@LAR,IND,@JAX,@TEN,@CHI,ARI,ATL,CHI,@SEA,GB,@DET
6797,Justin Herbert,26.0,78,4.0,LAC,QB,10.36,12.0,9.0,11.16,0.0,13.68,14.76,24.06,19.48,19.76,24.38,17.62,25.351363636363644,27.60520979020979,29.990494505494503,32.50721778221778,35.15537962037962,LV,@CAR,@PIT,KC,BYE,@DEN,@ARI,NO,@CLE,TEN,CIN,BAL,@ATL,@KC,TB,DEN,@NE,@LV
6801,Tee Higgins,25.0,76,4.0,CIN,WR,0.0,0.0,5.4,9.0,24.8,11.2,16.2,0.0,0.0,0.0,25.3,0.0,0.3340909090909019,-3.5743006993007036,-8.078746253746267,-13.179245754245766,-18.87579920079921,NE,@KC,WSH,@CAR,BAL,@NYG,@CLE,PHI,LV,@BAL,@LAC,BYE,PIT,@DAL,@TEN,CLE,DEN,@PIT
6803,Brandon Aiyuk,26.0,72,4.0,SF,WR,3.8,6.3,7.3,5.8,18.7,4.7,3.3,0.0,0.0,0.0,0.0,0.0,-5.352272727272728,-8.090734265734264,-11.102472527472523,-14.387487512487505,-17.945779220779208,NYJ,@MIN,@LAR,NE,ARI,@SEA,KC,DAL,BYE,@TB,SEA,@GB,@BUF,CHI,LAR,@MIA,DET,@ARI
6804,Jordan Love,26.0,76,4.0,GB,QB,17.4,0.0,0.0,31.16,16.96,26.62,18.8,6.74,11.92,0.0,21.24,14.72,9.0181818181818,6.62391608391606,3.874125874125837,0.7688111888111431,-2.6920279720280282,@PHI,IND,@TEN,MIN,@LAR,ARI,HOU,@JAX,DET,BYE,@CHI,SF,MIA,@DET,@SEA,NO,@MIN,CHI
6806,J.K. Dobbins,25.0,70,4.0,LAC,RB,21.4,19.6,6.9,7.7,0.0,17.2,8.1,14.8,23.5,7.0,18.4,7.4,16.859090909090934,19.14230769230772,21.77657342657346,24.761888111888148,28.098251748251787,LV,@CAR,@PIT,KC,BYE,@DEN,@ARI,NO,@CLE,TEN,CIN,BAL,@ATL,@KC,TB,DEN,@NE,@LV
6813,Jonathan Taylor,25.0,70,4.0,IND,RB,10.8,14.5,26.0,18.3,0.0,0.0,0.0,18.2,7.4,13.2,6.5,3.5,7.295454545454582,7.799650349650399,8.496653346653407,9.386463536463612,10.469080919081012,HOU,@GB,CHI,PIT,@JAX,@TEN,MIA,@HOU,@MIN,BUF,@NYJ,DET,@NE,BYE,@DEN,TEN,@NYG,JAX
6819,Michael Pittman,27.0,76,4.0,IND,WR,5.1,3.6,5.6,14.3,12.2,11.0,7.8,2.1,1.9,0.0,7.1,12.6,5.702272727272739,5.275000000000016,4.797027972027993,4.26835664335667,3.688986013986047,HOU,@GB,CHI,PIT,@JAX,@TEN,MIA,@HOU,@MIN,BUF,@NYJ,DET,@NE,BYE,@DEN,TEN,@NYG,JAX
6820,Clyde Edwards-Helaire,25.0,67,4.0,KC,RB,0.0,0.0,0.0,0.0,0.0,0.0,0.0,0.0,0.0,0.0,0.0,0.0,0.0,0.0,0.0,0.0,0.0,BAL,CIN,@ATL,@LAC,NO,BYE,@SF,@LV,TB,DEN,@BUF,@CAR,LV,LAC,@CLE,HOU,@PIT,@DEN
6826,Cole Kmet,25.0,78,4.0,CHI,TE,0.9,4.7,20.7,4.9,7.2,21.5,0.0,3.9,0.0,2.3,5.7,9.9,2.938636363636385,1.6889860139860433,0.2991258741259095,-1.2309440559440104,-2.901223776223719,TEN,@HOU,@IND,LAR,CAR,JAX,BYE,@WSH,@ARI,NE,GB,MIN,@DET,@SF,@MIN,DET,SEA,@GB
6828,AJ Dillon,26.0,72,4.0,GB,RB,0.0,0.0,0.0,0.0,0.0,0.0,0.0,0.0,0.0,0.0,0.0,0.0,0.0,0.0,0.0,0.0,0.0,@PHI,IND,@TEN,MIN,@LAR,ARI,HOU,@JAX,DET,BYE,@CHI,SF,MIA,@DET,@SEA,NO,@MIN,CHI
6845,Zack Moss,26.0,70,4.0,CIN,RB,13.1,5.2,18.2,15.8,6.7,0.0,5.5,5.9,0.0,0.0,0.0,0.0,-2.772727272727259,-4.003496503496486,-5.213186813186795,-6.401798201798179,-7.569330669330647,NE,@KC,WSH,@CAR,BAL,@NYG,@CLE,PHI,LV,@BAL,@LAC,BYE,PIT,@DAL,@TEN,CLE,DEN,@PIT
6865,Colby Parkinson,25.0,79,4.0,LAR,TE,6.7,1.7,3.6,5.3,8.7,0.0,4.2,2.7,0.0,0.0,8.4,1.5,3.2045454545454595,3.4737762237762286,3.8126373626373686,4.221128871128877,4.699250749250755,@DET,@ARI,SF,@CHI,GB,BYE,LV,MIN,@SEA,MIA,@NE,PHI,@NO,BUF,@SF,@NYJ,ARI,SEA
6869,Adam Trautman,27.0,77,4.0,DEN,TE,0.0,0.0,0.0,0.0,0.0,0.0,0.0,0.0,0.0,3.9,0.0,0.8,1.5750000000000008,1.8687062937062946,2.1863386613386626,2.527897102897104,2.8933816183816194,@SEA,PIT,@TB,@NYJ,LV,LAC,@NO,CAR,@BAL,@KC,ATL,@LV,CLE,BYE,IND,@LAC,@CIN,KC
6904,Jalen Hurts,26.0,73,4.0,PHI,QB,18.42,24.82,11.94,16.32,0.0,21.86,22.76,35.14,29.9,30.68,18.74,15.06,22.346363636363645,21.717832167832178,20.89275724275725,19.871138861138867,18.652977022977026,GB,ATL,@NO,@TB,BYE,CLE,@NYG,@CIN,JAX,@DAL,WSH,@LAR,@BAL,CAR,PIT,@WSH,DAL,NYG
6938,Cam Akers,25.0,70,4.0,MIN,RB,0.0,0.0,9.4,5.3,11.7,0.0,0.0,0.0,0.0,5.2,10.6,3.0,4.73181818181819,4.915734265734278,5.107242757242773,5.306343656343677,5.513036963036989,@NYG,SF,HOU,@GB,NYJ,BYE,DET,@LAR,IND,@JAX,@TEN,@CHI,ARI,ATL,CHI,@SEA,GB,@DET
6943,Gabe Davis,25.0,74,4.0,JAX,WR,7.7,5.8,2.8,0.3,3.3,19.0,1.8,0.0,0.0,2.4,0.8,0.0,-1.7840909090909083,-3.169405594405595,-4.672152847152851,-6.292332667332672,-8.02994505494506,@MIA,CLE,@BUF,@HOU,IND,@CHI,NE,GB,@PHI,MIN,@DET,BYE,HOU,@TEN,NYJ,@LV,TEN,@IND
6945,Antonio Gibson,26.0,72,4.0,NE,RB,1.8,10.8,5.2,9.4,6.1,5.8,1.8,0.7,1.6,2.6,2.5,5.0,2.270454545454567,2.085839160839191,1.933241758241798,1.8126623376623883,1.7241008991009616,@CIN,SEA,@NYJ,@SF,MIA,HOU,@JAX,NYJ,@TEN,@CHI,LAR,@MIA,IND,BYE,@ARI,@BUF,LAC,BUF
6960,Tyler Johnson,26.0,73,4.0,LAR,WR,0.0,3.0,3.5,0.0,0.0,0.0,0.0,0.0,0.0,0.0,0.0,0.0,-0.034090909090902066,0.06031468531469475,0.19393106893108136,0.3667582417582578,0.5787962037962235,@DET,@ARI,SF,@CHI,GB,BYE,LV,MIN,@SEA,MIA,@NE,PHI,@NO,BUF,@SF,@NYJ,ARI,SEA
7002,Juwan Johnson,28.0,76,4.0,NO,TE,9.6,0.0,0.0,2.3,5.6,6.3,3.3,6.3,5.1,3.2,10.5,0.0,4.804545454545445,4.843706293706278,4.876273726273703,4.902247752247721,4.921628371628331,CAR,@DAL,PHI,@ATL,@KC,TB,DEN,@LAC,@CAR,ATL,CLE,BYE,LAR,@NYG,WSH,@GB,LV,@TB
7021,Rico Dowdle,26.0,72,4.0,DAL,RB,3.7,7.9,7.1,12.6,18.4,8.0,0.0,0.0,19.2,7.1,4.4,9.3,5.734090909090919,4.623601398601412,3.354520479520496,1.9268481518481728,0.3405844155844413,@CLE,NO,BAL,@NYG,@PIT,DET,BYE,@SF,@ATL,PHI,HOU,@WSH,NYG,CIN,@CAR,TB,@PHI,WSH
7049,Jauan Jennings,27.0,75,4.0,SF,WR,8.9,4.7,41.0,10.3,1.8,4.2,0.0,0.0,0.0,12.8,20.1,6.5,14.552272727272785,18.049475524475596,22.11935564435574,26.761913086913207,31.977147852148,NYJ,@MIN,@LAR,NE,ARI,@SEA,KC,DAL,BYE,@TB,SEA,@GB,@BUF,CHI,LAR,@MIA,DET,@ARI
7066,K.J. Osborn,27.0,72,4.0,NE,WR,3.6,1.2,0.0,0.8,0.0,0.0,9.6,0.0,0.0,0.0,0.0,0.0,-0.6727272727272788,-1.2545454545454635,-1.8971028971029094,-2.6003996003996166,-3.3644355644355857,@CIN,SEA,@NYJ,@SF,MIA,HOU,@JAX,NYJ,@TEN,@CHI,LAR,@MIA,IND,BYE,@ARI,@BUF,LAC,BUF
7083,Tyler Huntley,26.0,73,4.0,MIA,QB,0.0,0.0,0.0,11.84,7.46,0.0,9.48,0.0,0.0,0.0,0.0,0.0,-4.917727272727284,-7.790174825174834,-11.036958041958055,-14.65807692307694,-18.65353146853149,JAX,BUF,@SEA,TEN,@NE,BYE,@IND,ARI,@BUF,@LAR,LV,NE,@GB,NYJ,@HOU,SF,@CLE,@NYJ
7090,Darnell Mooney,27.0,71,4.0,ATL,WR,2.0,16.3,10.6,7.1,27.0,5.3,7.1,16.6,17.3,12.1,3.7,0.0,-3.13863636363639,-8.676398601398619,-14.95367132867135,-21.970454545454572,-29.726748251748283,CAR,GB,@DET,@JAX,HOU,WAS,@TB,MIN,@ARI,BYE,NO,@NYJ,TB,@CAR,IND,@CHI,@NO,ARI
7496,Nick Westbrook-Ikhine,27.0,74,4.0,TEN,WR,0.0,0.0,0.0,0.0,0.0,0.0,0.0,0.0,13.5,4.6,18.7,11.8,19.845454545454558,24.35384615384617,29.307592407592427,34.70669330669333,40.55114885114888,@CHI,NYJ,GB,@MIA,BYE,IND,@BUF,@DET,NE,@LAC,MIN,@HOU,@WSH,JAX,CIN,@IND,@JAX,HOU
7523,Trevor Lawrence,25.0,78,3.0,JAX,QB,11.28,13.3,10.42,14.76,22.24,18.06,15.02,24.32,21.56,0.0,0.0,0.0,-10.15272727272731,-18.690069930069978,-28.307412587412646,-39.004755244755316,-50.78209790209799,@MIA,CLE,@BUF,@HOU,IND,@CHI,NE,GB,@PHI,MIN,@DET,BYE,HOU,@TEN,NYJ,@LV,TEN,@IND
7525,DeVonta Smith,26.0,72,3.0,PHI,WR,11.9,17.1,11.4,0.0,0.0,13.9,0.3,17.5,16.7,2.4,4.9,0.0,3.3568181818181877,2.477797202797209,1.5637612387612467,0.614710289710299,-0.3693556443556343,GB,ATL,@NO,@TB,BYE,CLE,@NYG,@CIN,JAX,@DAL,WSH,@LAR,@BAL,CAR,PIT,@WSH,DAL,NYG
7526,Jaylen Waddle,26.0,70,3.0,MIA,WR,13.7,6.5,4.6,5.6,6.6,0.0,1.6,6.5,6.6,7.1,4.7,24.4,23.38409090909095,29.919755244755297,37.32649850149856,45.60432067932075,54.75322177822187,JAX,BUF,@SEA,TEN,@NE,BYE,@IND,ARI,@BUF,@LAR,LV,NE,@GB,NYJ,@HOU,SF,@CLE,@NYJ
7527,Mac Jones,26.0,75,3.0,JAX,QB,0.0,0.0,-1.12,0.0,0.0,0.24,0.0,0.0,0.0,7.24,5.22,0.0,4.328636363636367,5.145000000000003,6.025409590409595,6.96986513486514,7.97836663336664,@MIA,CLE,@BUF,@HOU,IND,@CHI,NE,GB,@PHI,MIN,@DET,BYE,HOU,@TEN,NYJ,@LV,TEN,@IND
7528,Najee Harris,26.0,73,3.0,PIT,RB,8.4,7.9,11.1,8.8,8.7,19.2,16.2,14.6,0.0,11.3,11.3,6.4,4.220454545454544,1.5379370629370621,-1.5181568431568495,-4.9478271728271785,-8.751073926073932,@ATL,@DEN,LAC,@IND,DAL,@LV,NYJ,NYG,BYE,@WSH,BAL,@CLE,@CIN,CLE,@PHI,@BAL,KC,CIN
7538,Zach Wilson,25.0,74,3.0,DEN,QB,0.0,0.0,0.0,0.0,0.0,0.0,0.0,0.0,0.0,0.0,0.0,0.0,0.0,0.0,0.0,0.0,0.0,@SEA,PIT,@TB,@NYJ,LV,LAC,@NO,CAR,@BAL,@KC,ATL,@LV,CLE,BYE,IND,@LAC,@CIN,KC
7543,Travis Etienne,25.0,70,3.0,JAX,RB,10.9,13.3,10.5,6.5,9.0,-0.1,0.0,0.0,4.0,4.8,4.8,0.0,3.8250000000000366,5.068356643356694,6.627047952048013,8.501073926074,10.690434565434652,@MIA,CLE,@BUF,@HOU,IND,@CHI,NE,GB,@PHI,MIN,@DET,BYE,HOU,@TEN,NYJ,@LV,TEN,@IND
7547,Amon-Ra St. Brown,25.0,72,3.0,DET,WR,2.8,17.4,17.0,17.78,0.0,11.7,21.2,7.7,15.1,15.0,33.2,9.2,19.132727272727305,19.97552447552452,20.82993006993013,21.69594405594413,22.573566433566526,LAR,TB,@ARI,SEA,BYE,@DAL,@MIN,TEN,@GB,@HOU,JAX,@IND,CHI,GB,BUF,@CHI,@SF,MIN
7553,Kyle Pitts,24.0,78,3.0,ATL,TE,10.1,3.5,6.9,0.0,12.3,8.5,10.0,23.1,1.6,7.5,1.4,0.0,-2.475000000000031,-6.295979020979058,-10.620904095904145,-15.449775224775287,-20.782592407592485,CAR,GB,@DET,@JAX,HOU,WAS,@TB,MIN,@ARI,BYE,NO,@NYJ,TB,@CAR,IND,@CHI,@NO,ARI
7561,Elijah Mitchell,26.0,70,3.0,SF,RB,0.0,0.0,0.0,0.0,0.0,0.0,0.0,0.0,0.0,0.0,0.0,0.0,0.0,0.0,0.0,0.0,0.0,NYJ,@MIN,@LAR,NE,ARI,@SEA,KC,DAL,BYE,@TB,SEA,@GB,@BUF,CHI,LAR,@MIA,DET,@ARI
7562,Tutu Atwell,25.0,69,3.0,LAR,WR,0.0,0.0,11.3,10.2,9.5,0.0,8.1,2.3,2.1,1.1,2.6,4.5,-0.747727272727271,-2.7141608391608383,-4.935289710289706,-7.4111138861138794,-10.141633366633357,@DET,@ARI,SF,@CHI,GB,BYE,LV,MIN,@SEA,MIA,@NE,PHI,@NO,BUF,@SF,@NYJ,ARI,SEA
7564,Ja'Marr Chase,24.0,72,3.0,CIN,WR,9.2,5.5,26.8,16.0,36.3,9.7,15.1,15.9,7.8,49.9,23.0,0.0,9.390909090909089,4.600699300699294,-0.9343656343656472,-7.214285714285735,-14.239060939060968,NE,@KC,WSH,@CAR,BAL,@NYG,@CLE,PHI,LV,@BAL,@LAC,BYE,PIT,@DAL,@TEN,CLE,DEN,@PIT
7565,Terrace Marshall,24.0,74,3.0,LV,WR,0.0,0.0,0.0,0.0,0.0,0.0,0.0,0.0,0.0,0.0,0.0,0.0,0.0,0.0,0.0,0.0,0.0,@LAC,@BAL,CAR,CLE,@DEN,PIT,@LAR,KC,@CIN,BYE,@MIA,DEN,@KC,@TB,ATL,JAX,@NO,LAC
7567,Kenneth Gainwell,25.0,69,3.0,PHI,RB,1.7,0.6,2.2,0.9,0.0,2.3,7.2,1.9,1.5,4.4,5.4,8.2,8.356818181818188,9.812762237762243,11.404920079920089,13.133291708291718,14.997877122877133,GB,ATL,@NO,@TB,BYE,CLE,@NYG,@CIN,JAX,@DAL,WSH,@LAR,@BAL,CAR,PIT,@WSH,DAL,NYG
7569,Nico Collins,25.0,76,3.0,HOU,WR,14.7,23.5,10.6,27.1,14.8,0.0,0.0,0.0,0.0,0.0,7.4,17.7,14.022727272727348,18.60034965034975,24.014735264735386,30.265884115884266,37.353796203796385,@IND,CHI,@MIN,JAX,BUF,@NE,@GB,IND,@NYJ,DET,@DAL,TEN,@JAX,BYE,MIA,@KC,BAL,@TEN
7571,Rashod Bateman,25.0,73,3.0,BAL,WR,6.3,5.5,10.3,2.8,13.8,9.1,20.1,3.3,4.0,14.4,4.0,11.3,6.952272727272729,5.736888111888112,4.320054945054947,2.701773226773227,0.8820429570429553,HOU,@CIN,IND,@CLE,@PIT,TEN,DET,@ARI,SEA,CLE,CIN,BYE,@LAC,LAR,@JAX,@SF,MIA,PIT
7587,Dyami Brown,25.0,72,3.0,WAS,WR,0.0,0.0,0.0,0.0,0.0,1.6,0.0,0.0,0.0,0.0,0.0,0.0,-0.3272727272727285,-0.5286713286713303,-0.75804195804196,-1.0153846153846178,-1.3006993006993035,,,,,,,,,,,,,,,,,,
7588,Javonte Williams,24.0,70,3.0,DEN,RB,2.8,9.0,4.1,9.0,13.6,3.1,24.6,7.2,9.4,1.7,16.7,1.4,1.868181818181818,-1.5052447552447579,-5.381268731268737,-9.759890109890119,-14.641108891108896,@SEA,PIT,@TB,@NYJ,LV,LAC,@NO,CAR,@BAL,@KC,ATL,@LV,CLE,BYE,IND,@LAC,@CIN,KC
7591,Justin Fields,25.0,75,3.0,PIT,QB,11.94,11.38,19.4,31.98,15.94,23.7,0.0,0.0,0.0,0.0,1.7,2.6,-7.996363636363611,-12.354405594405563,-17.056763236763196,-22.10343656343651,-27.494425574425506,@ATL,@DEN,LAC,@IND,DAL,@LV,NYJ,NYG,BYE,@WSH,BAL,@CLE,@CIN,CLE,@PHI,@BAL,KC,CIN
7593,Trey Sermon,25.0,72,3.0,IND,RB,0.0,0.0,0.0,0.0,15.3,2.9,5.4,1.9,1.8,0.9,0.0,0.0,-4.36363636363639,-7.305594405594439,-10.656643356643391,-14.41678321678326,-18.586013986014038,HOU,@GB,CHI,PIT,@JAX,@TEN,MIA,@HOU,@MIN,BUF,@NYJ,DET,@NE,BYE,@DEN,TEN,@NYG,JAX
7594,Chuba Hubbard,25.0,73,3.0,CAR,RB,1.4,9.6,25.4,20.1,15.5,12.8,11.2,8.1,20.2,22.9,0.0,14.5,5.929545454545485,2.3288461538461886,-1.7946803196802739,-6.441033966033907,-11.610214785214719,@ATL,NO,@SEA,MIN,@DET,@MIA,HOU,IND,@CHI,DAL,@TEN,@TB,@NO,ATL,GB,@JAX,TB,@CHI
7596,Elijah Moore,24.0,70,3.0,CLE,WR,2.4,7.4,2.7,1.6,2.6,0.8,7.1,12.5,4.3,0.0,15.6,3.6,8.427272727272735,9.163636363636373,9.946453546453558,10.77572427572429,11.651448551448569,DAL,@JAX,NYG,@LV,@WSH,@PHI,CIN,BAL,LAC,BYE,@NO,PIT,@DEN,@PIT,KC,@CIN,MIA,@BAL
7600,Pat Freiermuth,26.0,77,3.0,PIT,TE,4.7,5.9,5.3,14.2,7.7,2.6,6.1,2.9,0.0,9.2,2.4,7.9,5.052272727272744,5.090034965034986,5.158616383616412,5.258016983017017,5.3882367632368044,@ATL,@DEN,LAC,@IND,DAL,@LV,NYJ,NYG,BYE,@WSH,BAL,@CLE,@CIN,CLE,@PHI,@BAL,KC,CIN
7601,Rondale Moore,24.0,67,3.0,ATL,WR,0.0,0.0,0.0,0.0,0.0,0.0,0.0,0.0,0.0,0.0,0.0,0.0,0.0,0.0,0.0,0.0,0.0,CAR,GB,@DET,@JAX,HOU,WAS,@TB,MIN,@ARI,BYE,NO,@NYJ,TB,@CAR,IND,@CHI,@NO,ARI
7602,Kylen Granson,26.0,75,3.0,IND,TE,0.0,0.0,0.0,0.0,0.0,0.0,0.0,0.0,0.0,0.0,0.0,0.0,0.0,0.0,0.0,0.0,0.0,HOU,@GB,CHI,PIT,@JAX,@TEN,MIA,@HOU,@MIN,BUF,@NYJ,DET,@NE,BYE,@DEN,TEN,@NYG,JAX
7606,Kadarius Toney,25.0,72,3.0,CLE,WR,0.0,0.0,0.0,0.0,0.0,0.0,0.0,0.0,0.0,0.0,0.0,0.0,0.0,0.0,0.0,0.0,0.0,DAL,@JAX,NYG,@LV,@WSH,@PHI,CIN,BAL,LAC,BYE,@NO,PIT,@DEN,@PIT,KC,@CIN,MIA,@BAL
7607,Michael Carter,25.0,68,3.0,ARI,RB,0.0,0.0,0.0,0.0,0.0,0.0,0.0,0.0,0.0,0.0,0.0,0.0,0.0,0.0,0.0,0.0,0.0,@WAS,NYG,DAL,SF,CIN,@LAR,@SEA,BAL,@CLE,ATL,@HOU,LAR,@PIT,SF,@CHI,@PHI,SEA,@ATL
7608,Khalil Herbert,26.0,69,3.0,CIN,RB,0.4,7.7,0.9,0.0,0.0,0.0,0.0,0.0,0.0,0.0,0.0,0.0,0.563636363636375,1.037062937062954,1.61808191808194,2.3066933066933357,3.1028971028971397,NE,@KC,WSH,@CAR,BAL,@NYG,@CLE,PHI,LV,@BAL,@LAC,BYE,PIT,@DAL,@TEN,CLE,DEN,@PIT
7610,Trey Lance,24.0,76,3.0,DAL,QB,0.0,0.0,0.0,0.0,0.0,0.0,0.0,0.0,0.0,0.0,0.0,0.0,0.0,0.0,0.0,0.0,0.0,@CLE,NO,BAL,@NYG,@PIT,DET,BYE,@SF,@ATL,PHI,HOU,@WSH,NYG,CIN,@CAR,TB,@PHI,WSH
7611,Rhamondre Stevenson,26.0,72,3.0,NE,RB,20.1,16.0,0.3,6.2,17.2,0.0,3.5,22.0,19.9,8.2,10.9,3.3,10.618181818181824,11.233566433566438,11.981318681318681,12.86143856143856,13.873926073926068,@CIN,SEA,@NYJ,@SF,MIA,HOU,@JAX,NYJ,@TEN,@CHI,LAR,@MIA,IND,BYE,@ARI,@BUF,LAC,BUF
7670,Joshua Palmer,25.0,73,3.0,LAC,WR,2.5,2.9,0.0,5.1,0.0,4.8,8.3,8.2,13.3,4.1,3.3,5.3,4.631818181818176,3.622027972027965,2.4019480519480396,0.971578421578404,-0.6690809190809428,LV,@CAR,@PIT,KC,BYE,@DEN,@ARI,NO,@CLE,TEN,CIN,BAL,@ATL,@KC,TB,DEN,@NE,@LV
7694,Tommy Tremble,24.0,76,3.0,CAR,TE,0.0,3.8,4.4,0.0,-0.8,0.0,0.0,2.3,0.0,0.0,0.0,1.0,0.7159090909090988,0.9473776223776342,1.2342407592407747,1.5764985014985209,1.974150849150873,@ATL,NO,@SEA,MIN,@DET,@MIA,HOU,IND,@CHI,DAL,@TEN,@TB,@NO,ATL,GB,@JAX,TB,@CHI
7812,Simi Fehoko,27.0,76,3.0,LAC,WR,0.0,0.0,0.0,0.0,0.0,0.0,0.0,0.0,0.0,0.0,0.0,0.0,0.0,0.0,0.0,0.0,0.0,LV,@CAR,@PIT,KC,BYE,@DEN,@ARI,NO,@CLE,TEN,CIN,BAL,@ATL,@KC,TB,DEN,@NE,@LV
7828,Noah Gray,25.0,75,3.0,KC,TE,0.0,0.0,0.0,0.0,3.9,0.0,8.6,3.8,0.0,2.8,16.3,20.6,21.50454545454548,26.47027972027975,31.94500499500503,37.92872127872132,44.42142857142863,BAL,CIN,@ATL,@LAC,NO,BYE,@SF,@LV,TB,DEN,@BUF,@CAR,LV,LAC,@CLE,HOU,@PIT,@DEN
7891,Brock Wright,26.0,77,3.0,DET,TE,0.0,0.0,0.0,2.3,0.0,0.0,0.0,0.0,0.0,0.0,7.0,3.4,5.52500000000001,6.9648601398601535,8.566008991009006,10.328446553446573,12.252172827172853,LAR,TB,@ARI,SEA,BYE,@DAL,@MIN,TEN,@GB,@HOU,JAX,@IND,CHI,GB,BUF,@CHI,@SF,MIN
8110,Jake Ferguson,25.0,77,2.0,DAL,TE,3.0,0.0,12.5,8.4,10.0,2.6,0.0,5.3,10.6,2.4,1.6,0.0,-2.290909090909105,-4.853146853146867,-7.733966033966054,-10.933366633366658,-14.451348651348683,@CLE,NO,BAL,@NYG,@PIT,DET,BYE,@SF,@ATL,PHI,HOU,@WSH,NYG,CIN,@CAR,TB,@PHI,WSH
8111,Cade Otton,25.0,77,2.0,TB,TE,1.0,-0.4,6.2,8.2,5.9,8.5,14.0,24.6,17.7,6.0,0.0,3.5,-3.0227272727273045,-9.050000000000047,-16.00764235764242,-23.895654345654428,-32.71403596403607,WSH,@DET,DEN,PHI,@ATL,@NO,BAL,ATL,@KC,SF,BYE,@NYG,@CAR,LV,@LAC,@DAL,CAR,NO
8112,Drake London,23.0,76,2.0,ATL,WR,2.5,14.4,15.7,9.4,27.4,16.4,15.3,5.4,9.7,13.7,7.6,0.0,-5.006818181818176,-11.4291958041958,-18.684990009989995,-26.774200799200788,-35.696828171828166,CAR,GB,@DET,@JAX,HOU,WAS,@TB,MIN,@ARI,BYE,NO,@NYJ,TB,@CAR,IND,@CHI,@NO,ARI
8117,Jalen Tolbert,25.0,73,2.0,DAL,WR,1.7,11.2,11.7,3.9,18.2,6.3,0.0,5.9,9.4,2.9,3.1,9.2,4.102272727272741,3.257517482517504,2.3258991008991314,1.3074175824176208,0.2020729270729742,@CLE,NO,BAL,@NYG,@PIT,DET,BYE,@SF,@ATL,PHI,HOU,@WSH,NYG,CIN,@CAR,TB,@PHI,WSH
8119,Jahan Dotson,24.0,71,2.0,PHI,WR,0.0,1.1,1.8,2.1,0.0,2.8,0.0,0.0,4.1,3.2,1.3,0.9,1.4204545454545452,1.2099650349650355,0.9550699300699312,0.6557692307692327,0.3120629370629398,GB,ATL,@NO,@TB,BYE,CLE,@NYG,@CIN,JAX,@DAL,WSH,@LAR,@BAL,CAR,PIT,@WSH,DAL,NYG
8121,Romeo Doubs,24.0,74,2.0,GB,WR,7.0,7.7,2.3,5.9,0.0,18.4,13.4,8.7,4.8,0.0,2.2,6.9,1.2431818181818017,-0.7987762237762448,-3.1069180819181073,-5.681243756243787,-8.521753246753288,@PHI,IND,@TEN,MIN,@LAR,ARI,HOU,@JAX,DET,BYE,@CHI,SF,MIA,@DET,@SEA,NO,@MIN,CHI
8125,Calvin Austin,25.0,69,2.0,PIT,WR,1.2,1.1,17.5,2.2,1.1,4.6,4.1,18.9,0.0,3.0,0.4,15.3,8.140909090909103,8.60524475524477,9.09135864135866,9.599250749250771,10.128921078921103,@ATL,@DEN,LAC,@IND,DAL,@LV,NYJ,NYG,BYE,@WSH,BAL,@CLE,@CIN,CLE,@PHI,@BAL,KC,CIN
8126,Wan'Dale Robinson,23.0,68,2.0,NYG,WR,8.8,8.8,9.6,12.6,13.0,7.5,5.3,5.5,2.5,7.6,0.0,7.2,2.2000000000000135,1.116083916083932,-0.02977022977020738,-1.23756243756241,-2.5072927072926756,MIN,@WSH,@CLE,DAL,@SEA,CIN,PHI,@PIT,WSH,@CAR,BYE,TB,@DAL,NO,BAL,@ATL,IND,@PHI
8129,Dameon Pierce,24.0,70,2.0,HOU,RB,1.6,0.0,0.0,0.0,0.0,14.2,0.2,0.4,0.0,0.0,0.2,0.0,-2.4681818181818276,-4.045804195804205,-5.8345154845154985,-7.834315684315702,-10.045204795204818,@IND,CHI,@MIN,JAX,BUF,@NE,@GB,IND,@NYJ,DET,@DAL,TEN,@JAX,BYE,MIA,@KC,BAL,@TEN
8130,Trey McBride,25.0,76,2.0,ARI,TE,5.5,15.7,4.0,0.0,8.3,13.6,7.6,16.9,11.2,9.1,0.0,19.3,12.845454545454565,13.644055944055967,14.495804195804226,15.400699300699337,16.358741258741304,@WAS,NYG,DAL,SF,CIN,@LAR,@SEA,BAL,@CLE,ATL,@HOU,LAR,@PIT,SF,@CHI,@PHI,SEA,@ATL
8131,Isaiah Likely,24.0,76,2.0,BAL,TE,21.6,3.6,0.9,3.1,14.8,3.7,2.7,6.7,0.0,0.0,7.5,0.0,4.000000000000007,5.106993006993012,6.496803196803194,8.169430569430563,10.124875124875116,HOU,@CIN,IND,@CLE,@PIT,TEN,DET,@ARI,SEA,CLE,CIN,BYE,@LAC,LAR,@JAX,@SF,MIA,PIT
8132,Tyler Allgeier,24.0,71,2.0,ATL,RB,2.1,7.0,3.2,9.0,4.0,19.3,5.0,3.3,7.8,5.9,0.4,0.0,-4.236363636363633,-8.167132867132867,-12.616483516483516,-17.584415584415584,-23.07092907092908,CAR,GB,@DET,@JAX,HOU,WAS,@TB,MIN,@ARI,BYE,NO,@NYJ,TB,@CAR,IND,@CHI,@NO,ARI
8134,Khalil Shakir,24.0,72,2.0,BUF,WR,11.7,8.1,16.2,8.2,0.0,2.9,10.0,15.4,8.0,8.8,11.0,0.0,5.829545454545457,5.376398601398602,4.909515484515484,4.4288961038961006,3.934540459540453,@NYJ,LV,@WAS,MIA,JAX,NYG,@NE,TB,@CIN,DEN,NYJ,BYE,@PHI,@KC,DAL,@LAC,NE,@MIA
8135,Treylon Burks,24.0,74,2.0,TEN,WR,0.8,0.0,1.4,1.8,0.0,1.5,0.0,0.0,0.0,0.0,0.0,0.0,-0.4886363636363622,-0.7222027972027958,-0.9746003996003978,-1.2458291708291687,-1.5358891108891082,@CHI,NYJ,GB,@MIA,BYE,IND,@BUF,@DET,NE,@LAC,MIN,@HOU,@WSH,JAX,CIN,@IND,@JAX,HOU
8136,Rachaad White,25.0,72,2.0,TB,RB,13.6,2.8,6.0,9.4,8.1,0.0,26.1,13.2,11.0,16.0,0.0,11.2,8.127272727272711,6.888811188811162,5.439560439560401,3.7795204795204276,1.9086913086912416,WSH,@DET,DEN,PHI,@ATL,@NO,BAL,ATL,@KC,SF,BYE,@NYG,@CAR,LV,@LAC,@DAL,CAR,NO
8137,George Pickens,23.0,75,2.0,PIT,WR,10.5,3.9,8.2,12.8,4.1,6.8,19.6,9.4,0.0,18.0,12.9,6.8,10.063636363636366,9.847552447552449,9.563836163836163,9.212487512487506,8.793506493506484,@ATL,@DEN,LAC,@IND,DAL,@LV,NYJ,NYG,BYE,@WSH,BAL,@CLE,@CIN,CLE,@PHI,@BAL,KC,CIN
8138,James Cook,25.0,71,2.0,BUF,RB,11.8,28.0,16.7,5.3,16.9,0.0,9.2,26.8,9.4,15.0,17.2,0.0,8.729545454545484,8.002272727272768,7.26076423576429,6.505019980020048,5.735039960040044,@NYJ,LV,@WAS,MIA,JAX,NYG,@NE,TB,@CIN,DEN,NYJ,BYE,@PHI,@KC,DAL,@LAC,NE,@MIA
8139,Zamir White,25.0,72,2.0,LV,RB,3.6,5.3,3.4,3.0,0.0,0.0,3.2,-0.1,7.0,0.0,0.9,0.0,0.9568181818181904,0.947027972027982,0.9758491508491636,1.043281718281734,1.1493256743256932,@LAC,@BAL,CAR,CLE,@DEN,PIT,@LAR,KC,@CIN,BYE,@MIA,DEN,@KC,@TB,ATL,JAX,@NO,LAC
8142,Alec Pierce,24.0,75,2.0,IND,WR,20.0,14.1,4.9,1.4,20.9,0.0,2.5,1.6,5.6,16.1,8.9,4.4,12.577272727272762,15.740209790209835,19.44210789210794,23.68296703296709,28.462787212787273,HOU,@GB,CHI,PIT,@JAX,@TEN,MIA,@HOU,@MIN,BUF,@NYJ,DET,@NE,BYE,@DEN,TEN,@NYG,JAX
8143,Jerome Ford,25.0,70,2.0,CLE,RB,15.9,6.9,8.5,12.0,6.4,1.4,0.0,0.0,1.2,0.0,5.9,3.2,5.659090909090947,7.887062937062979,10.574575424575475,13.72162837162843,17.328221778221845,DAL,@JAX,NYG,@LV,@WSH,@PHI,CIN,BAL,LAC,BYE,@NO,PIT,@DEN,@PIT,KC,@CIN,MIA,@BAL
8144,Chris Olave,24.0,72,2.0,NO,WR,2.1,10.8,17.6,12.7,2.0,-1.0,0.0,14.7,1.8,0.0,0.0,0.0,-3.0431818181818002,-4.971853146853123,-7.04672827172824,-9.267807192807151,-11.635089910089857,CAR,@DAL,PHI,@ATL,@KC,TB,DEN,@LAC,@CAR,ATL,CLE,BYE,LAR,@NYG,WSH,@GB,LV,@TB
8146,Garrett Wilson,24.0,72,2.0,NYJ,WR,9.0,8.2,11.8,4.6,22.6,20.7,10.6,13.8,25.5,6.6,3.8,0.0,-5.009090909090949,-11.849650349650393,-19.61398601398607,-28.30209790209797,-37.91398601398609,@SF,@TEN,NE,DEN,@MIN,BUF,@PIT,@NE,HOU,@ARI,IND,BYE,SEA,@MIA,@JAX,LAR,@BUF,MIA
8147,John Metchie,24.0,72,2.0,HOU,WR,0.0,0.0,0.0,0.0,0.0,0.0,0.0,0.0,0.0,0.0,4.8,1.1,3.1159090909090943,3.940384615384621,4.8550199800199865,5.859815184815192,6.954770229770237,@IND,CHI,@MIN,JAX,BUF,@NE,@GB,IND,@NYJ,DET,@DAL,TEN,@JAX,BYE,MIA,@KC,BAL,@TEN
8148,Jameson Williams,23.0,73,2.0,DET,WR,21.9,11.9,0.7,15.0,0.0,16.2,0.1,0.0,0.0,6.8,20.6,9.3,19.02954545454549,24.630244755244803,31.08533966033971,38.39483016983023,46.558716283716365,LAR,TB,@ARI,SEA,BYE,@DAL,@MIN,TEN,@GB,@HOU,JAX,@IND,CHI,GB,BUF,@CHI,@SF,MIN
8150,Kyren Williams,24.0,69,2.0,LAR,RB,12.9,13.2,30.6,18.4,15.0,0.0,19.6,20.1,10.0,8.7,8.6,11.2,6.915909090909109,5.176748251748274,3.29927572427575,1.2834915084915401,-0.8706043956043601,@DET,@ARI,SF,@CHI,GB,BYE,LV,MIN,@SEA,MIA,@NE,PHI,@NO,BUF,@SF,@NYJ,ARI,SEA
8151,Kenneth Walker,24.0,69,2.0,SEA,RB,17.9,0.0,0.0,31.6,11.1,16.9,22.3,6.5,12.2,0.0,12.9,11.3,5.193181818181786,2.534440559440518,-0.47320179820185615,-3.829745254745326,-7.535189810189895,DEN,@NE,MIA,@DET,NYG,SF,@ATL,BUF,LAR,BYE,@SF,ARI,@NYJ,@ARI,GB,MIN,@CHI,@LAR
8154,Brian Robinson,25.0,73,2.0,WAS,RB,16.4,14.1,10.2,18.8,13.8,0.0,13.1,8.1,0.0,0.0,13.7,2.9,4.629545454545482,4.741433566433599,5.029895104895141,5.494930069930113,6.136538461538512,,,,,,,,,,,,,,,,,,
8155,Breece Hall,23.0,71,2.0,NYJ,RB,15.8,20.9,16.3,2.8,5.2,19.4,23.1,9.4,9.5,10.3,27.6,0.0,10.865909090909105,10.454720279720295,10.03758741258743,9.614510489510508,9.185489510489528,@SF,@TEN,NE,DEN,@MIN,BUF,@PIT,@NE,HOU,@ARI,IND,BYE,SEA,@MIA,@JAX,LAR,@BUF,MIA
8159,Desmond Ridder,25.0,75,2.0,LV,QB,0.0,0.0,0.0,0.0,0.0,0.0,0.0,0.0,0.0,0.0,0.0,0.0,0.0,0.0,0.0,0.0,0.0,@LAC,@BAL,CAR,CLE,@DEN,PIT,@LAR,KC,@CIN,BYE,@MIA,DEN,@KC,@TB,ATL,JAX,@NO,LAC
8160,Kenny Pickett,26.0,75,2.0,PHI,QB,0.0,0.0,0.0,0.0,0.0,0.0,0.0,0.0,0.0,0.3,0.0,-0.2,-0.07500000000000016,-0.11276223776223795,-0.15586913086913118,-0.2043206793206797,-0.2581168831168835,GB,ATL,@NO,@TB,BYE,CLE,@NYG,@CIN,JAX,@DAL,WSH,@LAR,@BAL,CAR,PIT,@WSH,DAL,NYG
8161,Malik Willis,25.0,73,2.0,GB,QB,0.0,12.98,25.38,0.0,0.0,0.0,0.0,8.54,0.0,0.0,0.0,0.0,-1.4277272727272425,-2.0103846153845755,-2.5419830169829627,-3.0225224775224095,-3.4520029970029107,@PHI,IND,@TEN,MIN,@LAR,ARI,HOU,@JAX,DET,BYE,@CHI,SF,MIA,@DET,@SEA,NO,@MIN,CHI
8162,Sam Howell,24.0,73,2.0,SEA,QB,0.0,0.0,0.0,0.0,0.0,0.0,0.0,0.0,0.0,0.0,0.0,0.0,0.0,0.0,0.0,0.0,0.0,DEN,@NE,MIA,@DET,NYG,SF,@ATL,BUF,LAR,BYE,@SF,ARI,@NYJ,@ARI,GB,MIN,@CHI,@LAR
8167,Christian Watson,25.0,76,2.0,GB,WR,8.8,0.0,7.7,0.0,0.0,14.3,1.0,5.9,7.2,0.0,17.0,0.4,7.093181818181821,7.641433566433567,8.244480519480518,8.902322677322672,9.61496003996003,@PHI,IND,@TEN,MIN,@LAR,ARI,HOU,@JAX,DET,BYE,@CHI,SF,MIA,@DET,@SEA,NO,@MIN,CHI
8168,Skyy Moore,24.0,70,2.0,KC,WR,0.0,0.0,0.0,0.0,0.0,0.0,0.0,0.0,0.0,0.0,0.0,0.0,0.0,0.0,0.0,0.0,0.0,BAL,CIN,@ATL,@LAC,NO,BYE,@SF,@LV,TB,DEN,@BUF,@CAR,LV,LAC,@CLE,HOU,@PIT,@DEN
8171,Kyle Philips,25.0,71,2.0,PHI,WR,0.0,0.0,0.0,0.0,0.0,0.0,0.0,0.0,0.0,0.0,0.0,0.0,0.0,0.0,0.0,0.0,0.0,GB,ATL,@NO,@TB,BYE,CLE,@NYG,@CIN,JAX,@DAL,WSH,@LAR,@BAL,CAR,PIT,@WSH,DAL,NYG
8172,Greg Dulcich,24.0,76,2.0,NYG,TE,2.2,3.1,0.0,0.0,0.0,0.0,0.0,0.0,0.0,0.0,0.0,0.0,0.7613636363636451,1.273251748251758,1.884290709290722,2.5944805194805336,3.4038211788211945,MIN,@WSH,@CLE,DAL,@SEA,CIN,PHI,@PIT,WSH,@CAR,BYE,TB,@DAL,NO,BAL,@ATL,IND,@PHI
8177,Grant Calcaterra,25.0,76,2.0,PHI,TE,0.0,0.0,0.0,0.0,0.0,0.0,0.0,0.0,0.0,0.0,0.0,0.0,0.0,0.0,0.0,0.0,0.0,GB,ATL,@NO,@TB,BYE,CLE,@NYG,@CIN,JAX,@DAL,WSH,@LAR,@BAL,CAR,PIT,@WSH,DAL,NYG
8180,Jalen Nailor,25.0,71,2.0,MIN,WR,8.6,12.9,10.9,1.6,0.0,0.0,9.6,2.6,7.2,0.9,0.0,7.0,6.293181818181835,7.947027972027991,9.916208791208819,12.200724275724307,14.80057442557446,@NYG,SF,HOU,@GB,NYJ,BYE,DET,@LAR,IND,@JAX,@TEN,@CHI,ARI,ATL,CHI,@SEA,GB,@DET
8183,Brock Purdy,24.0,73,2.0,SF,QB,10.34,14.96,25.78,15.62,15.06,24.1,20.18,26.0,0.0,23.82,19.36,0.0,1.564090909090936,-4.2640209790209465,-10.856258741258701,-18.21262237762233,-26.333111888111837,NYJ,@MIN,@LAR,NE,ARI,@SEA,KC,DAL,BYE,@TB,SEA,@GB,@BUF,CHI,LAR,@MIA,DET,@ARI
8188,Tyquan Thornton,24.0,74,2.0,KC,WR,0.0,0.0,0.0,0.0,0.0,0.0,0.0,0.0,0.0,0.0,0.0,0.0,0.0,0.0,0.0,0.0,0.0,BAL,CIN,@ATL,@LAC,NO,BYE,@SF,@LV,TB,DEN,@BUF,@CAR,LV,LAC,@CLE,HOU,@PIT,@DEN
8205,Isiah Pacheco,25.0,70,2.0,KC,RB,14.8,13.6,0.0,0.0,0.0,0.0,0.0,0.0,0.0,0.0,0.0,0.0,4.627272727272764,7.665034965034998,11.279220779220822,15.469830169830221,20.2368631368632,BAL,CIN,@ATL,@LAC,NO,BYE,@SF,@LV,TB,DEN,@BUF,@CAR,LV,LAC,@CLE,HOU,@PIT,@DEN
8206,Skylar Thompson,27.0,74,2.0,MIA,QB,0.0,0.0,4.28,0.0,0.0,0.0,0.0,0.0,0.0,0.0,0.0,0.0,-0.2918181818181791,-0.3816083916083879,-0.4692607392607342,-0.5547752247752185,-0.6381518481518402,JAX,BUF,@SEA,TEN,@NE,BYE,@IND,ARI,@BUF,@LAR,LV,NE,@GB,NYJ,@HOU,SF,@CLE,@NYJ
8207,Tyler Goodson,24.0,69,2.0,IND,RB,0.0,0.0,0.0,0.0,0.0,0.0,11.1,0.0,0.0,0.0,0.0,0.0,-1.7659090909091002,-3.0854895104895204,-4.599125874125888,-6.3068181818182,-8.208566433566457,HOU,@GB,CHI,PIT,@JAX,@TEN,MIA,@HOU,@MIN,BUF,@NYJ,DET,@NE,BYE,@DEN,TEN,@NYG,JAX
8210,Chig Okonkwo,25.0,75,2.0,TEN,TE,8.5,3.1,2.5,1.0,0.0,2.1,7.0,0.4,5.3,1.9,2.9,13.5,12.781818181818196,16.291608391608403,20.26453546453548,24.700599400599422,29.599800199800228,@CHI,NYJ,GB,@MIA,BYE,IND,@BUF,@DET,NE,@LAC,MIN,@HOU,@WSH,JAX,CIN,@IND,@JAX,HOU
8219,Jelani Woods,26.0,79,2.0,IND,TE,0.0,0.0,0.0,0.0,0.0,0.0,0.0,0.0,0.0,0.0,0.0,0.0,0.0,0.0,0.0,0.0,0.0,HOU,@GB,CHI,PIT,@JAX,@TEN,MIA,@HOU,@MIN,BUF,@NYJ,DET,@NE,BYE,@DEN,TEN,@NYG,JAX
8225,Daniel Bellinger,24.0,78,2.0,NYG,TE,0.8,0.0,2.2,0.0,0.0,0.0,0.0,0.0,0.0,0.0,0.0,0.0,0.05000000000000138,0.1269230769230787,0.2269230769230789,0.3500000000000023,0.49615384615384883,MIN,@WSH,@CLE,DAL,@SEA,CIN,PHI,@PIT,WSH,@CAR,BYE,TB,@DAL,NO,BAL,@ATL,IND,@PHI
8228,Jaylen Warren,26.0,68,2.0,PIT,RB,3.0,7.1,0.6,0.0,0.0,3.3,6.9,6.9,0.0,8.5,8.8,13.9,15.70000000000002,19.1748251748252,23.03876123876127,27.291808191808233,31.933966033966087,@ATL,@DEN,LAC,@IND,DAL,@LV,NYJ,NYG,BYE,@WSH,BAL,@CLE,@CIN,CLE,@PHI,@BAL,KC,CIN
8230,Ty Chandler,26.0,71,2.0,MIN,RB,5.7,8.2,1.3,1.8,4.9,0.0,0.4,0.0,0.0,1.8,0.0,0.0,0.9931818181818333,1.6176573426573588,2.409415584415605,3.3684565434565688,4.49478021978025,@NYG,SF,HOU,@GB,NYJ,BYE,DET,@LAR,IND,@JAX,@TEN,@CHI,ARI,ATL,CHI,@SEA,GB,@DET
8249,Lucas Krull,26.0,78,2.0,DEN,TE,0.0,0.0,0.0,0.0,0.0,0.0,0.0,2.8,0.0,3.1,0.0,0.0,0.5840909090909074,0.4162587412587384,0.20941558441558072,-0.03643856143856583,-0.32130369630370154,@SEA,PIT,@TB,@NYJ,LV,LAC,@NO,CAR,@BAL,@KC,ATL,@LV,CLE,BYE,IND,@LAC,@CIN,KC
829,Andy Dalton,37.0,74,13.0,CAR,QB,0.0,0.0,24.56,16.7,4.74,16.94,2.02,0.0,0.0,0.0,0.0,0.0,-9.08727272727272,-13.789930069930062,-19.022257742257725,-24.784255744255724,-31.07592407592405,@ATL,NO,@SEA,MIN,@DET,@MIA,HOU,IND,@CHI,DAL,@TEN,@TB,@NO,ATL,GB,@JAX,TB,@CHI
8408,Jordan Mason,25.0,71,2.0,SF,RB,21.7,16.9,9.8,23.0,8.3,8.7,7.9,1.8,0.0,0.5,1.3,1.8,-0.5113636363636083,-0.7449300699300387,-0.7322927072926682,-0.4734515484515036,0.03159340659346199,NYJ,@MIN,@LAR,NE,ARI,@SEA,KC,DAL,BYE,@TB,SEA,@GB,@BUF,CHI,LAR,@MIA,DET,@ARI
8676,Rashid Shaheed,26.0,72,2.0,NO,WR,14.8,18.9,0.0,11.7,16.6,7.8,0.0,0.0,0.0,0.0,0.0,0.0,-1.863636363636342,-2.2685314685314353,-2.5069930069929676,-2.5790209790209317,-2.484615384615328,CAR,@DAL,PHI,@ATL,@KC,TB,DEN,@LAC,@CAR,ATL,CLE,BYE,LAR,@NYG,WSH,@GB,LV,@TB
9220,Evan Hull,24.0,70,1.0,IND,RB,0.0,0.0,0.0,0.0,0.0,0.0,0.0,0.0,0.0,0.0,0.0,0.0,0.0,0.0,0.0,0.0,0.0,HOU,@GB,CHI,PIT,@JAX,@TEN,MIA,@HOU,@MIN,BUF,@NYJ,DET,@NE,BYE,@DEN,TEN,@NYG,JAX
9221,Jahmyr Gibbs,22.0,69,1.0,DET,RB,15.4,14.1,16.3,19.8,0.0,10.6,30.0,19.8,14.1,11.8,18.8,23.4,22.693181818181834,24.658916083916104,26.83099400599403,29.20941558441561,31.794180819180845,LAR,TB,@ARI,SEA,BYE,@DAL,@MIN,TEN,@GB,@HOU,JAX,@IND,CHI,GB,BUF,@CHI,@SF,MIN
9224,Chase Brown,24.0,70,1.0,CIN,RB,3.8,3.1,7.9,22.2,14.9,13.4,6.3,10.4,24.2,17.9,16.8,0.0,3.734090909090892,-0.9470279720279939,-6.36725774225777,-12.526598401598436,-19.42504995004999,NE,@KC,WSH,@CAR,BAL,@NYG,@CLE,PHI,LV,@BAL,@LAC,BYE,PIT,@DAL,@TEN,CLE,DEN,@PIT
9225,Tank Bigsby,22.0,71,1.0,JAX,RB,7.3,0.0,0.9,9.0,25.4,2.4,23.8,9.6,2.2,0.4,0.0,0.0,-9.54545454545458,-16.060839160839212,-23.435164835164894,-31.668431568431647,-40.760639360639466,@MIA,CLE,@BUF,@HOU,IND,@CHI,NE,GB,@PHI,MIN,@DET,BYE,HOU,@TEN,NYJ,@LV,TEN,@IND
9226,De'Von Achane,23.0,69,1.0,MIA,RB,19.5,26.0,7.3,4.4,2.2,0.0,9.5,23.7,28.1,7.7,18.5,19.1,28.86818181818188,34.94440559440568,41.82702297702307,49.51603396603407,58.01143856143868,JAX,BUF,@SEA,TEN,@NE,BYE,@IND,ARI,@BUF,@LAR,LV,NE,@GB,NYJ,@HOU,SF,@CLE,@NYJ
9228,Bryce Young,23.0,70,1.0,CAR,QB,11.64,2.96,0.0,0.0,3.12,0.0,-0.16,15.56,10.74,12.04,0.0,16.52,17.57045454545456,21.48066433566435,25.848486513486524,30.67392107892109,35.956968031968046,@ATL,NO,@SEA,MIN,@DET,@MIA,HOU,IND,@CHI,DAL,@TEN,@TB,@NO,ATL,GB,@JAX,TB,@CHI
9229,Anthony Richardson,22.0,76,1.0,IND,QB,27.08,12.86,7.08,5.24,0.0,0.0,8.76,12.5,0.0,0.0,28.08,12.98,27.22136363636372,35.71115384615392,45.437557442557534,56.40057442557453,68.60020479520493,HOU,@GB,CHI,PIT,@JAX,@TEN,MIA,@HOU,@MIN,BUF,@NYJ,DET,@NE,BYE,@DEN,TEN,@NYG,JAX
9231,Jaren Hall,26.0,72,1.0,SEA,QB,0.0,0.0,0.0,0.0,0.0,0.0,0.0,0.0,0.0,0.0,0.0,0.0,0.0,0.0,0.0,0.0,0.0,DEN,@NE,MIA,@DET,NYG,SF,@ATL,BUF,LAR,BYE,@SF,ARI,@NYJ,@ARI,GB,MIN,@CHI,@LAR
9479,Darnell Washington,23.0,79,1.0,PIT,TE,1.0,7.0,0.0,4.1,1.0,1.4,5.6,3.4,0.0,1.1,5.2,2.9,3.3931818181818296,3.678496503496519,4.002922077922097,4.366458541458567,4.769105894105925,@ATL,@DEN,LAC,@IND,DAL,@LV,NYJ,NYG,BYE,@WSH,BAL,@CLE,@CIN,CLE,@PHI,@BAL,KC,CIN
9480,Brenton Strange,23.0,76,1.0,JAX,TE,0.0,8.0,8.2,3.4,10.4,1.6,0.0,8.4,0.0,3.5,1.1,0.0,-2.18181818181817,-4.067832167832152,-6.163536463536442,-8.468931068931042,-10.98401598401595,@MIA,CLE,@BUF,@HOU,IND,@CHI,NE,GB,@PHI,MIN,@DET,BYE,HOU,@TEN,NYJ,@LV,TEN,@IND
9481,Luke Musgrave,24.0,78,1.0,GB,TE,0.0,1.1,0.8,2.8,0.0,0.0,0.0,0.0,0.0,0.0,0.0,0.0,-0.4249999999999974,-0.5956293706293669,-0.7758991008990961,-0.9658091908091846,-1.1653596403596325,@PHI,IND,@TEN,MIN,@LAR,ARI,HOU,@JAX,DET,BYE,@CHI,SF,MIA,@DET,@SEA,NO,@MIN,CHI
9482,Michael Mayer,23.0,76,1.0,LV,TE,1.3,1.6,1.2,0.0,0.0,0.0,0.0,0.0,0.0,0.0,1.0,2.1,2.4045454545454588,3.272377622377629,4.2666833166833245,5.387462537462548,6.634715284715299,@LAC,@BAL,CAR,CLE,@DEN,PIT,@LAR,KC,@CIN,BYE,@MIA,DEN,@KC,@TB,ATL,JAX,@NO,LAC
9484,Tucker Kraft,24.0,77,1.0,GB,TE,4.7,2.6,3.4,14.3,22.8,2.5,10.8,15.3,5.6,0.0,0.0,9.6,-1.509090909090925,-5.372027972027999,-9.761338661338694,-14.677022977023016,-20.119080919080975,@PHI,IND,@TEN,MIN,@LAR,ARI,HOU,@JAX,DET,BYE,@CHI,SF,MIA,@DET,@SEA,NO,@MIN,CHI
9486,Dontayvion Wicks,23.0,73,1.0,GB,WR,0.0,10.1,0.0,22.3,3.0,1.4,12.3,2.1,0.0,0.0,0.0,3.0,-3.6090909090909107,-6.232167832167834,-9.149450549450545,-12.36093906093905,-15.866633366633348,@PHI,IND,@TEN,MIN,@LAR,ARI,HOU,@JAX,DET,BYE,@CHI,SF,MIA,@DET,@SEA,NO,@MIN,CHI
9487,Parker Washington,22.0,70,1.0,JAX,WR,0.8,0.0,2.8,0.0,0.0,0.0,6.0,6.1,5.6,0.0,1.5,0.0,-0.26363636363637544,-1.5237762237762378,-2.9826173826174025,-4.640159840159863,-6.496403596403623,@MIA,CLE,@BUF,@HOU,IND,@CHI,NE,GB,@PHI,MIN,@DET,BYE,HOU,@TEN,NYJ,@LV,TEN,@IND
9488,Jaxon Smith-Njigba,22.0,72,1.0,SEA,WR,2.9,17.7,5.4,9.1,11.1,7.8,3.8,9.9,33.5,0.0,16.8,16.7,17.7977272727273,19.290734265734304,20.88698801198806,22.586488511488568,24.389235764235835,DEN,@NE,MIA,@DET,NYG,SF,@ATL,BUF,LAR,BYE,@SF,ARI,@NYJ,@ARI,GB,MIN,@CHI,@LAR
9492,Trey Palmer,23.0,73,1.0,TB,WR,2.4,0.0,0.0,0.0,0.0,0.0,0.0,3.9,0.0,0.0,0.0,2.3,2.05909090909091,2.604545454545454,3.2226273726273718,3.9133366633366613,4.676673326673324,WSH,@DET,DEN,PHI,@ATL,@NO,BAL,ATL,@KC,SF,BYE,@NYG,@CAR,LV,@LAC,@DAL,CAR,NO
9493,Puka Nacua,23.0,74,1.0,LAR,WR,6.2,0.0,0.0,0.0,0.0,0.0,0.0,14.6,1.6,14.3,21.8,16.2,26.79318181818184,33.08269230769233,40.04188311688313,47.67075424575427,55.969305694305724,@DET,@ARI,SF,@CHI,GB,BYE,LV,MIN,@SEA,MIA,@NE,PHI,@NO,BUF,@SF,@NYJ,ARI,SEA
9494,Marvin Mims,22.0,71,1.0,DEN,WR,0.0,1.5,1.4,0.0,2.9,0.0,2.8,1.3,0.9,5.0,12.3,5.7,10.33636363636365,12.495104895104912,14.868531468531488,17.456643356643383,20.25944055944059,@SEA,PIT,@TB,@NYJ,LV,LAC,@NO,CAR,@BAL,@KC,ATL,@LV,CLE,BYE,IND,@LAC,@CIN,KC
9497,Jalin Hyatt,23.0,72,1.0,NYG,WR,0.0,0.0,0.0,0.0,0.0,1.1,0.0,0.0,0.0,5.9,0.0,0.0,1.2499999999999987,1.2765734265734252,1.2868631368631354,1.2808691308691291,1.258591408591407,MIN,@WSH,@CLE,DAL,@SEA,CIN,PHI,@PIT,WSH,@CAR,BYE,TB,@DAL,NO,BAL,@ATL,IND,@PHI
9500,Josh Downs,23.0,69,1.0,IND,WR,0.0,0.0,3.7,18.2,11.4,16.0,0.8,20.2,9.0,10.7,16.9,4.2,4.247727272727263,0.44912587412585747,-3.998276723276736,-9.094480519480541,-14.839485514485549,HOU,@GB,CHI,PIT,@JAX,@TEN,MIA,@HOU,@MIN,BUF,@NYJ,DET,@NE,BYE,@DEN,TEN,@NYG,JAX
9501,DeMario Douglas,23.0,68,1.0,NE,WR,2.2,0.0,11.3,2.8,8.9,18.2,2.4,2.2,7.0,7.0,7.9,8.8,5.856818181818178,4.84283216783216,3.6346903096903027,2.2323926073926,0.6359390609390534,@CIN,SEA,@NYJ,@SF,MIA,HOU,@JAX,NYJ,@TEN,@CHI,LAR,@MIA,IND,BYE,@ARI,@BUF,LAC,BUF
9502,Tank Dell,25.0,70,1.0,HOU,WR,7.4,1.8,8.7,0.0,5.3,15.2,0.0,11.5,15.6,5.8,7.8,8.7,9.16363636363636,9.111188811188805,8.986613386613376,8.789910089910077,8.521078921078903,@IND,CHI,@MIN,JAX,BUF,@NE,@GB,IND,@NYJ,DET,@DAL,TEN,@JAX,BYE,MIA,@KC,BAL,@TEN
9504,Kayshon Boutte,22.0,71,1.0,NE,WR,0.0,0.0,0.0,0.0,0.0,13.4,3.8,6.1,2.8,6.7,5.3,1.1,1.4590909090908983,-0.2800699300699456,-2.3323176823177034,-4.697652347652375,-7.3760739260739605,@CIN,SEA,@NYJ,@SF,MIA,HOU,@JAX,NYJ,@TEN,@CHI,LAR,@MIA,IND,BYE,@ARI,@BUF,LAC,BUF
9506,Sean Tucker,23.0,70,1.0,TB,RB,0.0,0.0,0.0,0.0,0.0,0.0,4.3,2.0,2.2,0.0,0.0,7.5,4.954545454545457,5.900000000000002,6.9286713286713315,8.040559440559443,9.235664335664337,WSH,@DET,DEN,PHI,@ATL,@NO,BAL,ATL,@KC,SF,BYE,@NYG,@CAR,LV,@LAC,@DAL,CAR,NO
9508,Tyjae Spears,23.0,71,1.0,TEN,RB,5.2,4.1,8.1,10.9,0.0,2.7,0.0,0.0,0.0,6.6,1.8,0.0,1.2500000000000178,1.329720279720302,1.4935564435564732,1.7415084915085268,2.0735764235764655,@CHI,NYJ,GB,@MIA,BYE,IND,@BUF,@DET,NE,@LAC,MIN,@HOU,@WSH,JAX,CIN,@IND,@JAX,HOU
9509,Bijan Robinson,22.0,71,1.0,ATL,RB,13.6,14.2,12.2,9.4,9.2,24.0,21.8,20.1,18.0,27.9,8.3,0.0,2.574999999999979,-2.9746503496503793,-9.307467532467573,-16.4234515484516,-24.322602397602463,CAR,GB,@DET,@JAX,HOU,WAS,@TB,MIN,@ARI,BYE,NO,@NYJ,TB,@CAR,IND,@CHI,@NO,ARI
9511,Keaton Mitchell,22.0,68,1.0,BAL,RB,0.0,0.0,0.0,0.0,0.0,0.0,0.0,0.0,0.0,0.0,0.0,0.0,0.0,0.0,0.0,0.0,0.0,HOU,@CIN,IND,@CLE,@PIT,TEN,DET,@ARI,SEA,CLE,CIN,BYE,@LAC,LAR,@JAX,@SF,MIA,PIT
96,Aaron Rodgers,40.0,74,19.0,NYJ,QB,9.58,15.14,21.04,11.6,14.76,18.76,15.04,17.32,20.34,4.04,16.06,0.0,-0.22090909090909072,-5.440349650349659,-11.321288711288716,-17.863726273726275,-25.067662337662338,@SF,@TEN,NE,DEN,@MIN,BUF,@PIT,@NE,HOU,@ARI,IND,BYE,SEA,@MIA,@JAX,LAR,@BUF,MIA
9753,Zach Charbonnet,23.0,73,1.0,SEA,RB,11.1,15.4,24.2,7.9,4.5,4.0,1.4,9.9,4.3,0.0,1.5,2.2,0.9409090909091091,0.8269230769231015,0.8948551448551747,1.1447052947053322,1.5764735264735705,DEN,@NE,MIA,@DET,NYG,SF,@ATL,BUF,LAR,BYE,@SF,ARI,@NYJ,@ARI,GB,MIN,@CHI,@LAR
9754,Quentin Johnston,23.0,76,1.0,LAC,WR,5.3,19.6,11.4,1.8,0.0,3.7,0.0,0.0,20.0,9.4,11.8,0.0,10.186363636363664,12.081468531468566,14.274875124875177,16.76658341658348,19.556593406593482,LV,@CAR,@PIT,KC,BYE,@DEN,@ARI,NO,@CLE,TEN,CIN,BAL,@ATL,@KC,TB,DEN,@NE,@LV
9756,Jordan Addison,22.0,71,1.0,MIN,WR,5.0,0.0,0.0,21.4,5.1,0.0,8.1,3.2,13.6,3.9,13.6,26.2,23.33863636363638,27.838636363636382,32.808516483516506,38.24827672327675,44.15791708291712,@NYG,SF,HOU,@GB,NYJ,BYE,DET,@LAR,IND,@JAX,@TEN,@CHI,ARI,ATL,CHI,@SEA,GB,@DET
9757,Kendre Miller,22.0,72,1.0,NO,RB,0.0,0.0,0.0,0.0,0.0,0.0,4.7,1.6,0.0,0.0,0.0,0.0,-0.856818181818188,-1.5610139860139935,-2.3705544455544563,-3.285439560439573,-4.305669330669345,CAR,@DAL,PHI,@ATL,@KC,TB,DEN,@LAC,@CAR,ATL,CLE,BYE,LAR,@NYG,WSH,@GB,LV,@TB
9758,C.J. Stroud,23.0,75,1.0,HOU,QB,18.66,14.3,11.8,23.5,16.94,19.38,5.34,12.4,11.54,11.78,11.88,17.68,14.634545454545487,15.490769230769269,16.52933066933071,17.75022977022982,19.153466533466588,@IND,CHI,@MIN,JAX,BUF,@NE,@GB,IND,@NYJ,DET,@DAL,TEN,@JAX,BYE,MIA,@KC,BAL,@TEN
9997,Zay Flowers,24.0,69,1.0,BAL,WR,8.1,18.6,3.8,1.5,15.5,17.9,3.5,15.0,27.2,5.4,10.9,8.7,9.315909090909098,7.953671328671339,6.366308691308705,4.553821178821195,2.516208791208811,HOU,@CIN,IND,@CLE,@PIT,TEN,DET,@ARI,SEA,CLE,CIN,BYE,@LAC,LAR,@JAX,@SF,MIA,PIT
9998,Hendon Hooker,26.0,75,1.0,DET,QB,0.0,0.0,0.0,0.0,0.0,0.66,0.0,0.24,0.0,0.0,1.78,0.0,0.6981818181818185,0.8048951048951053,0.9188211788211793,1.0399600399600406,1.168311688311689,LAR,TB,@ARI,SEA,BYE,@DAL,@MIN,TEN,@GB,@HOU,JAX,@IND,CHI,GB,BUF,@CHI,@SF,MIN
9999,Will Levis,25.0,76,1.0,TEN,QB,8.68,12.48,15.6,0.5,0.0,8.3,0.0,0.0,0.0,19.1,16.6,17.12,25.717727272727323,32.799265734265795,40.820714285714374,49.78207292707303,59.683341658341774,@CHI,NYJ,GB,@MIA,BYE,IND,@BUF,@DET,NE,@LAC,MIN,@HOU,@WSH,JAX,CIN,@IND,@JAX,HOU
